timestamp,master_1,master_2,master_3,master_4,master_5,master_6,follower_1,follower_2,follower_3,follower_4,follower_5,follower_6
1752381941.8310006,1730,845,2509,2672,1856,451,2192,634,2359,2531,1999,1019
1752381941.8409917,1730,845,2509,2672,1856,451,2192,634,2359,2531,1999,1019
1752381941.851994,1730,845,2509,2672,1856,451,2192,634,2359,2531,1999,1019
1752381941.8639982,1730,845,2509,2672,1857,451,2192,634,2359,2531,2000,1019
1752381941.8749998,1730,845,2509,2672,1857,451,2192,634,2359,2531,2000,1019
1752381941.8850017,1730,845,2509,2672,1857,451,2192,634,2359,2531,2000,1019
1752381941.8960047,1730,845,2509,2672,1858,451,2192,634,2359,2531,2001,1019
1752381941.9070084,1730,845,2509,2672,1858,451,2192,634,2359,2531,2001,1019
1752381941.918009,1730,845,2509,2672,1858,451,2192,634,2359,2531,2001,1019
1752381941.9290113,1730,845,2509,2672,1858,451,2192,634,2359,2531,2001,1019
1752381941.9410148,1730,845,2509,2672,1858,451,2192,634,2359,2531,2001,1019
1752381941.9510162,1730,845,2509,2672,1858,451,2192,634,2359,2531,2001,1019
1752381941.9621758,1730,845,2509,2672,1858,451,2192,634,2359,2531,2001,1019
1752381941.9720523,1730,845,2509,2672,1858,451,2192,634,2359,2531,2001,1019
1752381941.983005,1730,845,2509,2672,1858,451,2192,634,2359,2531,2001,1019
1752381941.993023,1730,845,2509,2672,1858,451,2192,634,2359,2531,2001,1019
1752381942.0030422,1730,845,2509,2672,1858,451,2192,634,2359,2531,2001,1019
1752381942.0131125,1730,845,2509,2672,1857,451,2192,634,2359,2531,2000,1019
1752381942.023169,1730,845,2509,2672,1857,451,2192,634,2359,2531,2000,1019
1752381942.033224,1730,845,2509,2672,1857,451,2192,634,2359,2531,2000,1019
1752381942.0435045,1730,845,2509,2672,1857,451,2192,634,2359,2531,2000,1019
1752381942.0535395,1730,845,2509,2672,1857,451,2192,634,2359,2531,2000,1019
1752381942.0635724,1730,845,2509,2672,1856,451,2192,634,2359,2531,1999,1019
1752381942.0736017,1730,845,2509,2672,1856,451,2192,634,2359,2531,1999,1019
1752381942.0848477,1730,845,2509,2672,1856,451,2192,634,2359,2531,1999,1019
1752381942.0945764,1730,845,2509,2672,1856,451,2192,634,2359,2531,1999,1019
1752381942.10552,1730,845,2509,2672,1857,451,2192,634,2359,2531,2000,1019
1752381942.1154358,1730,845,2509,2672,1857,451,2192,634,2359,2531,2000,1019
1752381942.1262581,1730,845,2509,2672,1857,451,2192,634,2359,2531,2000,1019
1752381942.1356115,1730,845,2509,2672,1857,451,2192,634,2359,2531,2000,1019
1752381942.1456137,1730,845,2509,2672,1857,451,2192,634,2359,2531,2000,1019
1752381942.1566167,1730,845,2509,2672,1857,451,2192,634,2359,2531,2000,1019
1752381942.1676185,1730,845,2509,2672,1857,451,2192,634,2359,2531,2000,1019
1752381942.1786215,1730,845,2509,2672,1857,451,2192,634,2359,2531,2000,1019
1752381942.1896236,1730,845,2509,2672,1857,451,2192,634,2359,2531,2000,1019
1752381942.200627,1730,845,2509,2672,1857,451,2192,634,2359,2531,2000,1019
1752381942.2116294,1730,845,2509,2672,1857,451,2192,634,2359,2531,2000,1019
1752381942.2226322,1730,845,2509,2672,1857,451,2192,634,2359,2531,2000,1019
1752381942.2332127,1730,845,2509,2672,1857,451,2192,634,2359,2531,2000,1019
1752381942.2432399,1730,845,2509,2672,1857,451,2192,634,2359,2531,2000,1019
1752381942.2532823,1730,845,2509,2672,1857,451,2192,634,2359,2531,2000,1019
1752381942.2635446,1730,845,2509,2672,1857,451,2192,634,2359,2531,2000,1019
1752381942.2735777,1730,845,2509,2672,1857,451,2192,634,2359,2531,2000,1019
1752381942.2836275,1730,845,2508,2671,1860,451,2192,634,2358,2530,2003,1019
1752381942.2936666,1730,845,2504,2671,1861,451,2192,634,2354,2530,2004,1019
1752381942.303702,1731,845,2500,2670,1861,451,2193,634,2350,2529,2004,1019
1752381942.3149123,1734,845,2495,2670,1857,451,2196,634,2345,2529,2000,1019
1752381942.3250003,1737,845,2489,2670,1856,451,2199,634,2339,2529,1999,1019
1752381942.3353975,1739,845,2482,2670,1855,451,2201,634,2332,2529,1998,1019
1752381942.344556,1741,845,2476,2670,1854,451,2203,634,2326,2529,1997,1019
1752381942.3555481,1743,845,2469,2670,1853,451,2205,634,2319,2529,1996,1019
1752381942.367326,1745,845,2462,2670,1853,451,2207,634,2312,2529,1996,1019
1752381942.3766708,1746,845,2456,2670,1852,451,2208,634,2305,2529,1995,1019
1752381942.3875325,1746,845,2450,2670,1852,451,2208,634,2299,2529,1995,1019
1752381942.396853,1746,845,2445,2670,1851,451,2208,634,2294,2529,1994,1019
1752381942.408607,1744,845,2440,2670,1850,451,2206,634,2289,2529,1993,1019
1752381942.4189014,1742,845,2437,2670,1850,451,2204,634,2286,2529,1993,1019
1752381942.4281015,1740,845,2433,2670,1850,451,2202,634,2282,2529,1993,1019
1752381942.4399154,1738,845,2430,2670,1850,451,2200,634,2279,2529,1993,1019
1752381942.449139,1735,845,2428,2670,1850,451,2197,634,2277,2529,1993,1019
1752381942.4600244,1733,845,2425,2669,1850,451,2195,634,2274,2527,1993,1019
1752381942.4709637,1732,845,2423,2668,1850,451,2194,634,2272,2526,1993,1019
1752381942.4803114,1730,845,2421,2667,1850,451,2192,634,2270,2525,1993,1019
1752381942.4911392,1729,845,2419,2665,1851,451,2191,634,2268,2523,1994,1019
1752381942.5020156,1728,846,2417,2662,1854,451,2190,635,2266,2520,1997,1019
1752381942.5111904,1728,846,2414,2660,1854,451,2190,635,2263,2518,1997,1019
1752381942.522296,1728,846,2411,2657,1855,451,2190,635,2260,2515,1998,1019
1752381942.531871,1728,847,2407,2655,1855,451,2190,636,2256,2513,1998,1019
1752381942.5431314,1728,849,2403,2653,1856,451,2190,639,2252,2511,1999,1019
1752381942.5525308,1728,851,2398,2650,1856,451,2190,641,2247,2507,1999,1019
1752381942.5627248,1729,854,2393,2648,1857,451,2191,644,2241,2505,2000,1019
1752381942.573767,1729,857,2386,2646,1857,451,2191,647,2234,2503,2000,1019
1752381942.58405,1729,863,2379,2643,1857,451,2191,654,2227,2500,2000,1019
1752381942.5954897,1729,872,2370,2642,1857,451,2191,664,2218,2499,2000,1019
1752381942.6062417,1729,882,2360,2640,1857,451,2191,675,2208,2497,2000,1019
1752381942.6154757,1728,894,2350,2638,1857,451,2190,688,2198,2495,2000,1019
1752381942.626376,1727,907,2339,2636,1857,451,2189,702,2187,2493,2000,1019
1752381942.6375477,1726,923,2326,2634,1857,451,2188,720,2173,2491,2000,1019
1752381942.6485512,1725,941,2313,2632,1857,451,2187,740,2160,2488,2000,1019
1752381942.6593518,1724,959,2300,2630,1857,451,2186,760,2147,2486,2000,1019
1752381942.6703088,1722,978,2286,2628,1856,451,2184,781,2133,2484,1999,1019
1752381942.6803205,1722,996,2273,2627,1854,451,2184,801,2120,2483,1997,1019
1752381942.6903512,1722,1014,2258,2625,1853,451,2184,820,2104,2481,1996,1019
1752381942.7003596,1720,1032,2244,2624,1852,451,2182,840,2090,2480,1995,1019
1752381942.7104044,1718,1050,2231,2623,1852,451,2181,860,2077,2479,1995,1019
1752381942.720408,1716,1068,2217,2623,1851,451,2179,880,2063,2479,1994,1019
1752381942.7298286,1714,1087,2204,2622,1851,451,2177,901,2050,2478,1994,1019
1752381942.740912,1711,1105,2191,2622,1851,451,2174,921,2036,2478,1994,1019
1752381942.751145,1707,1121,2177,2622,1851,451,2170,938,2022,2478,1994,1019
1752381942.7608705,1704,1139,2164,2622,1851,451,2167,958,2009,2478,1994,1019
1752381942.7725506,1700,1154,2152,2622,1851,451,2163,975,1997,2478,1994,1019
1752381942.781438,1696,1169,2138,2622,1851,451,2159,991,1982,2478,1994,1019
1752381942.7917507,1693,1184,2126,2622,1851,451,2156,1008,1970,2478,1994,1019
1752381942.8019476,1689,1197,2115,2622,1851,451,2153,1022,1959,2478,1994,1019
1752381942.8122208,1685,1209,2103,2622,1851,451,2149,1035,1947,2478,1994,1019
1752381942.822636,1682,1222,2092,2622,1851,451,2146,1050,1936,2478,1994,1019
1752381942.8335912,1678,1233,2082,2623,1853,451,2142,1062,1926,2479,1996,1019
1752381942.8428113,1672,1243,2072,2623,1855,451,2136,1073,1915,2479,1998,1019
1752381942.8538227,1667,1254,2063,2623,1856,451,2131,1085,1906,2479,1999,1019
1752381942.8655453,1663,1264,2055,2623,1857,451,2127,1096,1898,2479,2000,1019
1752381942.8759747,1658,1274,2047,2623,1857,451,2123,1107,1890,2479,2000,1019
1752381942.8875349,1654,1283,2040,2623,1857,451,2119,1117,1883,2479,2000,1019
1752381942.8968086,1648,1292,2033,2624,1857,451,2113,1127,1876,2480,2000,1019
1752381942.9075174,1643,1301,2027,2624,1857,451,2108,1137,1870,2480,2000,1019
1752381942.9167306,1637,1310,2022,2625,1858,451,2102,1147,1865,2481,2001,1019
1752381942.9277334,1631,1319,2016,2626,1858,451,2096,1156,1859,2482,2001,1019
1752381942.9379878,1626,1329,2011,2627,1861,451,2092,1167,1853,2483,2004,1019
1752381942.9496968,1621,1339,2006,2628,1868,451,2087,1178,1848,2484,2011,1019
1752381942.9607434,1615,1348,2003,2628,1874,451,2081,1188,1845,2484,2017,1019
1752381942.9710355,1610,1357,2001,2628,1884,451,2076,1198,1843,2484,2028,1019
1752381942.9810076,1604,1367,1998,2628,1890,451,2070,1209,1840,2484,2034,1019
1752381942.991028,1598,1376,1996,2628,1894,451,2065,1219,1838,2484,2038,1019
1752381943.0010612,1593,1387,1993,2628,1895,451,2060,1231,1835,2484,2039,1019
1752381943.0117073,1588,1399,1990,2628,1895,451,2055,1245,1832,2484,2039,1019
1752381943.0215712,1583,1411,1987,2628,1895,451,2050,1258,1829,2484,2039,1019
1752381943.0315533,1578,1425,1983,2629,1896,451,2045,1273,1825,2485,2040,1019
1752381943.0423176,1575,1438,1979,2631,1896,451,2042,1288,1821,2487,2040,1019
1752381943.052402,1572,1452,1975,2635,1897,451,2039,1303,1817,2492,2041,1019
1752381943.0624402,1571,1465,1970,2641,1898,455,2038,1317,1812,2498,2042,1027
1752381943.0718582,1571,1479,1965,2647,1900,456,2038,1333,1807,2504,2044,1029
1752381943.0824816,1572,1494,1961,2653,1900,456,2039,1349,1803,2511,2044,1029
1752381943.0928092,1576,1507,1958,2659,1903,456,2043,1364,1800,2517,2047,1029
1752381943.1037629,1580,1518,1957,2664,1911,466,2047,1376,1799,2522,2055,1048
1752381943.113762,1585,1527,1957,2666,1920,488,2052,1386,1799,2524,2064,1091
1752381943.1238496,1585,1533,1954,2664,1922,498,2052,1392,1796,2522,2066,1111
1752381943.134139,1585,1541,1949,2662,1928,503,2052,1401,1791,2520,2072,1121
1752381943.145338,1587,1547,1944,2660,1931,515,2054,1408,1785,2518,2075,1144
1752381943.1560547,1588,1554,1940,2656,1931,523,2055,1415,1781,2514,2075,1160
1752381943.1673512,1589,1562,1933,2654,1931,527,2056,1424,1774,2512,2075,1167
1752381943.176652,1589,1573,1923,2654,1938,530,2056,1436,1764,2512,2082,1173
1752381943.1877716,1588,1585,1913,2656,1944,530,2055,1450,1754,2514,2089,1173
1752381943.198129,1586,1600,1900,2661,1948,531,2053,1466,1741,2519,2093,1175
1752381943.2087235,1586,1615,1885,2667,1950,531,2053,1483,1726,2525,2095,1175
1752381943.2188675,1585,1630,1869,2675,1952,533,2052,1499,1709,2534,2097,1179
1752381943.2285745,1584,1649,1852,2683,1955,533,2051,1520,1692,2542,2100,1179
1752381943.2387302,1583,1669,1834,2692,1961,536,2050,1542,1674,2552,2106,1185
1752381943.2493045,1580,1687,1817,2700,1968,539,2047,1562,1656,2560,2113,1191
1752381943.260351,1579,1706,1800,2707,1975,543,2046,1583,1639,2568,2120,1199
1752381943.2703068,1579,1722,1786,2713,1980,550,2046,1600,1625,2574,2125,1212
1752381943.2813046,1579,1739,1772,2715,1983,557,2046,1619,1611,2576,2128,1226
1752381943.2907634,1579,1753,1760,2717,1984,561,2046,1635,1599,2578,2129,1234
1752381943.3014004,1579,1765,1749,2717,1984,565,2046,1648,1587,2578,2129,1242
1752381943.311437,1581,1777,1740,2717,1984,569,2048,1661,1578,2578,2129,1249
1752381943.3224778,1583,1788,1729,2717,1984,571,2050,1673,1567,2578,2129,1253
1752381943.3326612,1585,1798,1719,2717,1984,573,2052,1684,1557,2578,2129,1257
1752381943.3425503,1587,1808,1711,2717,1984,575,2054,1695,1549,2578,2129,1261
1752381943.3528407,1590,1817,1702,2717,1984,579,2057,1705,1540,2578,2129,1269
1752381943.3638322,1592,1826,1695,2717,1984,583,2059,1715,1533,2578,2129,1277
1752381943.3738635,1595,1833,1687,2717,1984,588,2062,1723,1524,2578,2129,1286
1752381943.3839152,1597,1840,1681,2717,1984,591,2064,1730,1518,2578,2129,1292
1752381943.3939762,1600,1846,1675,2717,1984,595,2067,1737,1512,2578,2129,1300
1752381943.4057477,1602,1851,1669,2717,1984,600,2068,1743,1506,2578,2129,1310
1752381943.4159193,1606,1856,1665,2717,1984,603,2072,1748,1502,2578,2129,1316
1752381943.4257996,1608,1860,1661,2717,1984,607,2074,1753,1498,2578,2129,1324
1752381943.4361112,1611,1864,1658,2717,1984,613,2077,1757,1495,2578,2129,1335
1752381943.4467945,1614,1868,1655,2716,1984,619,2080,1761,1492,2577,2129,1347
1752381943.4568286,1616,1872,1653,2716,1985,628,2082,1766,1490,2577,2130,1365
1752381943.467581,1618,1876,1650,2715,1986,636,2084,1770,1487,2576,2131,1380
1752381943.4788265,1620,1879,1648,2715,1988,643,2086,1773,1485,2576,2133,1394
1752381943.4888973,1621,1883,1646,2714,1990,649,2087,1778,1483,2575,2135,1406
1752381943.4996312,1623,1886,1645,2713,1995,653,2089,1781,1482,2574,2140,1413
1752381943.5099952,1625,1889,1644,2711,1998,655,2091,1784,1481,2572,2143,1417
1752381943.5204737,1627,1893,1642,2710,2003,656,2093,1789,1479,2571,2149,1419
1752381943.5308187,1628,1897,1640,2709,2007,658,2094,1793,1477,2570,2153,1423
1752381943.5420418,1630,1901,1637,2708,2012,662,2096,1798,1474,2569,2158,1431
1752381943.5524027,1633,1905,1633,2708,2016,663,2098,1802,1470,2569,2162,1433
1752381943.5627182,1636,1909,1628,2708,2019,665,2101,1807,1464,2569,2165,1437
1752381943.5727725,1639,1914,1622,2708,2022,666,2104,1812,1458,2569,2168,1439
1752381943.5830586,1642,1918,1617,2708,2025,670,2107,1816,1453,2569,2171,1447
1752381943.594097,1647,1923,1611,2708,2027,671,2112,1822,1447,2569,2173,1448
1752381943.604467,1651,1927,1604,2708,2029,671,2116,1826,1440,2569,2175,1448
1752381943.614718,1656,1930,1598,2708,2030,672,2121,1830,1434,2569,2176,1450
1752381943.6263776,1661,1935,1590,2708,2030,674,2125,1835,1426,2569,2176,1454
1752381943.635647,1667,1938,1583,2708,2030,675,2131,1838,1419,2569,2176,1456
1752381943.6463342,1673,1942,1577,2708,2031,677,2137,1843,1413,2569,2177,1460
1752381943.6566308,1679,1947,1571,2708,2032,678,2143,1848,1407,2569,2178,1462
1752381943.6685076,1685,1951,1565,2708,2033,678,2149,1853,1401,2569,2179,1462
1752381943.6793473,1691,1956,1560,2708,2035,679,2154,1858,1395,2569,2181,1464
1752381943.690139,1697,1961,1554,2708,2037,680,2160,1864,1389,2569,2183,1466
1752381943.700958,1703,1966,1550,2708,2039,681,2166,1869,1385,2569,2185,1468
1752381943.711321,1710,1972,1545,2708,2040,681,2173,1876,1380,2569,2186,1468
1752381943.7222507,1717,1978,1540,2708,2042,682,2180,1883,1375,2569,2188,1470
1752381943.7316878,1723,1984,1537,2708,2042,683,2185,1889,1372,2569,2188,1472
1752381943.7427416,1729,1991,1534,2708,2043,684,2191,1897,1369,2569,2189,1474
1752381943.7522013,1736,1996,1531,2708,2044,685,2198,1902,1366,2569,2190,1476
1752381943.7623858,1743,2001,1530,2708,2044,686,2205,1908,1365,2569,2190,1478
1752381943.7734394,1749,2005,1529,2707,2045,686,2211,1912,1364,2568,2191,1478
1752381943.7829783,1755,2009,1529,2706,2045,686,2216,1917,1364,2567,2191,1478
1752381943.7934365,1762,2013,1529,2706,2045,686,2223,1921,1364,2567,2191,1478
1752381943.8044074,1768,2017,1529,2706,2045,686,2229,1925,1364,2567,2191,1478
1752381943.8147216,1774,2021,1529,2707,2045,686,2235,1930,1364,2568,2191,1478
1752381943.8254256,1779,2024,1529,2710,2045,686,2240,1933,1364,2571,2191,1478
1752381943.8352926,1783,2026,1530,2712,2045,686,2243,1935,1365,2573,2191,1478
1752381943.8459153,1788,2027,1532,2715,2047,686,2248,1937,1367,2576,2193,1478
1752381943.8546398,1792,2027,1534,2718,2050,686,2252,1937,1369,2579,2196,1478
1752381943.8654613,1796,2027,1537,2720,2054,686,2256,1937,1372,2581,2200,1478
1752381943.876561,1801,2027,1539,2724,2057,686,2261,1937,1374,2586,2203,1478
1752381943.8874702,1805,2027,1539,2728,2061,686,2265,1937,1374,2590,2207,1478
1752381943.898299,1808,2027,1540,2733,2064,686,2268,1937,1375,2595,2210,1478
1752381943.908299,1811,2027,1540,2737,2067,686,2270,1937,1375,2599,2214,1478
1752381943.9193094,1815,2027,1540,2742,2070,686,2274,1937,1375,2604,2217,1478
1752381943.9293213,1818,2027,1540,2747,2073,686,2277,1937,1375,2610,2220,1478
1752381943.9396255,1821,2026,1539,2752,2076,686,2280,1935,1374,2615,2223,1478
1752381943.950314,1824,2026,1537,2758,2078,686,2283,1935,1372,2621,2225,1478
1752381943.9604366,1827,2026,1535,2764,2081,686,2286,1935,1370,2628,2228,1478
1752381943.9705398,1830,2026,1533,2770,2083,686,2289,1935,1368,2634,2230,1478
1752381943.9805653,1832,2026,1531,2776,2087,686,2291,1935,1366,2640,2234,1478
1752381943.9905837,1834,2025,1530,2781,2090,686,2293,1934,1365,2646,2237,1478
1752381944.001396,1837,2023,1529,2785,2093,686,2296,1932,1364,2650,2240,1478
1752381944.0119455,1839,2021,1529,2790,2096,686,2298,1930,1364,2655,2243,1478
1752381944.0207381,1841,2020,1529,2794,2100,686,2299,1929,1364,2659,2247,1478
1752381944.031796,1843,2018,1529,2799,2104,686,2301,1927,1364,2665,2251,1478
1752381944.0425684,1846,2017,1529,2804,2106,686,2304,1925,1364,2670,2253,1478
1752381944.052757,1848,2017,1529,2811,2109,686,2306,1925,1364,2677,2256,1478
1752381944.0620806,1850,2016,1529,2816,2111,686,2308,1924,1364,2683,2258,1478
1752381944.0737815,1853,2016,1529,2822,2114,686,2311,1924,1364,2689,2261,1478
1752381944.0844498,1856,2016,1529,2828,2116,686,2314,1924,1364,2695,2263,1478
1752381944.0946348,1859,2016,1529,2833,2118,686,2317,1924,1364,2700,2265,1478
1752381944.104864,1862,2016,1529,2837,2120,686,2320,1924,1364,2705,2267,1478
1752381944.1155005,1865,2016,1530,2840,2122,686,2323,1924,1365,2708,2269,1478
1752381944.1254942,1868,2016,1532,2842,2123,686,2326,1924,1367,2710,2270,1478
1752381944.135523,1871,2015,1535,2843,2123,686,2328,1923,1370,2711,2270,1478
1752381944.1474392,1875,2014,1537,2845,2123,686,2332,1922,1372,2713,2270,1478
1752381944.1567347,1879,2014,1537,2847,2123,686,2336,1922,1372,2715,2270,1478
1752381944.168502,1883,2014,1538,2851,2124,686,2340,1922,1373,2719,2271,1478
1752381944.1783981,1885,2014,1538,2853,2124,685,2342,1922,1373,2722,2271,1476
1752381944.1892474,1888,2014,1538,2856,2124,685,2345,1922,1373,2725,2271,1476
1752381944.2004495,1891,2012,1539,2859,2125,685,2348,1920,1374,2728,2272,1476
1752381944.2105634,1893,2010,1540,2860,2125,685,2350,1918,1375,2729,2272,1476
1752381944.220712,1895,2008,1541,2861,2126,685,2352,1916,1376,2730,2274,1476
1752381944.2313583,1897,2005,1542,2862,2126,684,2354,1912,1377,2731,2274,1474
1752381944.2410305,1899,2002,1544,2862,2127,684,2355,1909,1379,2731,2275,1474
1752381944.2516365,1900,1998,1545,2863,2127,684,2356,1905,1380,2732,2275,1474
1752381944.2619166,1902,1995,1546,2863,2128,684,2358,1901,1381,2732,2276,1474
1752381944.2724202,1903,1993,1546,2864,2129,684,2359,1899,1381,2733,2277,1474
1752381944.2825892,1903,1990,1546,2865,2129,684,2359,1896,1381,2734,2277,1474
1752381944.2926888,1904,1988,1546,2866,2129,684,2360,1894,1381,2735,2277,1474
1752381944.303081,1904,1986,1546,2867,2129,684,2360,1891,1381,2736,2277,1474
1752381944.3143616,1904,1984,1546,2868,2130,685,2360,1889,1381,2737,2278,1476
1752381944.3252053,1904,1982,1546,2869,2130,685,2360,1887,1381,2738,2278,1476
1752381944.3356965,1904,1981,1546,2870,2130,686,2360,1886,1381,2740,2278,1478
1752381944.345845,1904,1980,1546,2871,2130,686,2360,1885,1381,2741,2278,1478
1752381944.3561132,1904,1979,1546,2872,2130,686,2360,1884,1381,2742,2278,1478
1752381944.3661144,1903,1979,1546,2872,2130,686,2359,1884,1381,2742,2278,1478
1752381944.3769124,1902,1979,1546,2873,2129,686,2358,1884,1381,2743,2277,1478
1752381944.3879032,1901,1979,1546,2874,2129,686,2357,1884,1381,2744,2277,1478
1752381944.398665,1900,1979,1546,2874,2127,686,2356,1884,1381,2744,2275,1478
1752381944.408753,1900,1979,1546,2874,2126,686,2356,1884,1381,2744,2274,1478
1752381944.4205515,1900,1980,1546,2874,2124,686,2356,1885,1381,2744,2271,1478
1752381944.4298172,1900,1981,1547,2874,2123,686,2356,1886,1382,2744,2270,1478
1752381944.4401252,1900,1982,1547,2874,2122,686,2356,1887,1382,2744,2269,1478
1752381944.4519956,1900,1982,1548,2874,2122,686,2356,1887,1383,2744,2269,1478
1752381944.4618828,1900,1983,1550,2874,2121,686,2356,1888,1385,2744,2268,1478
1752381944.4729948,1901,1983,1551,2874,2121,686,2357,1888,1386,2744,2268,1478
1752381944.482674,1903,1983,1553,2873,2121,686,2359,1888,1388,2743,2268,1478
1752381944.492649,1904,1983,1555,2873,2121,686,2360,1888,1390,2743,2268,1478
1752381944.50265,1906,1983,1557,2872,2121,686,2362,1888,1392,2742,2268,1478
1752381944.5126843,1908,1983,1558,2871,2120,686,2364,1888,1393,2741,2267,1478
1752381944.5228503,1910,1983,1560,2870,2120,686,2366,1888,1395,2740,2267,1478
1752381944.5337443,1913,1983,1561,2870,2119,686,2369,1888,1396,2740,2266,1478
1752381944.5439603,1915,1982,1563,2870,2118,686,2371,1887,1398,2740,2265,1478
1752381944.5555415,1918,1982,1564,2870,2117,686,2374,1887,1399,2740,2264,1478
1752381944.5660243,1921,1982,1565,2870,2115,686,2377,1887,1401,2740,2262,1478
1752381944.5757558,1923,1981,1566,2870,2114,686,2379,1886,1402,2740,2261,1478
1752381944.586331,1925,1980,1568,2870,2112,686,2381,1885,1404,2740,2259,1478
1752381944.5956645,1928,1980,1569,2870,2111,686,2384,1885,1405,2740,2258,1478
1752381944.6072721,1930,1979,1571,2870,2110,686,2385,1884,1407,2740,2257,1478
1752381944.616551,1932,1978,1573,2870,2109,686,2387,1883,1409,2740,2256,1478
1752381944.628567,1933,1976,1574,2870,2108,686,2388,1880,1410,2740,2255,1478
1752381944.6386456,1935,1975,1576,2870,2108,686,2390,1879,1412,2740,2255,1478
1752381944.64945,1936,1972,1579,2870,2108,686,2391,1876,1415,2740,2255,1478
1752381944.6595972,1937,1970,1581,2870,2108,686,2392,1874,1417,2740,2255,1478
1752381944.6705978,1938,1968,1583,2870,2108,686,2393,1872,1419,2740,2255,1478
1752381944.681442,1940,1966,1585,2870,2107,686,2395,1869,1421,2740,2254,1478
1752381944.6910803,1941,1964,1587,2869,2105,686,2396,1867,1423,2738,2252,1478
1752381944.7021677,1943,1963,1588,2869,2104,686,2398,1866,1424,2738,2251,1478
1752381944.7126546,1944,1962,1588,2869,2102,686,2399,1865,1424,2738,2249,1478
1752381944.7220228,1946,1961,1589,2869,2099,686,2401,1864,1425,2738,2246,1478
1752381944.7322433,1948,1961,1589,2869,2096,686,2403,1864,1425,2738,2243,1478
1752381944.7429352,1949,1961,1589,2868,2091,686,2404,1864,1425,2737,2238,1478
1752381944.7530112,1951,1961,1589,2868,2086,686,2406,1864,1425,2737,2233,1478
1752381944.7631216,1953,1961,1589,2867,2081,686,2408,1864,1425,2736,2228,1478
1752381944.7743225,1955,1961,1589,2865,2073,686,2410,1864,1425,2734,2220,1478
1752381944.7849195,1958,1961,1589,2863,2066,686,2413,1864,1425,2732,2213,1478
1752381944.7955363,1961,1961,1589,2861,2060,686,2415,1864,1425,2730,2206,1478
1752381944.807292,1963,1961,1589,2860,2055,686,2417,1864,1425,2729,2201,1478
1752381944.817183,1965,1961,1589,2859,2051,686,2419,1864,1425,2728,2197,1478
1752381944.82783,1966,1960,1589,2859,2048,686,2420,1863,1425,2728,2194,1478
1752381944.8368695,1967,1960,1590,2858,2046,686,2421,1863,1426,2727,2192,1478
1752381944.847735,1968,1960,1590,2858,2044,686,2422,1863,1426,2727,2190,1478
1752381944.857737,1968,1960,1591,2858,2042,686,2422,1863,1427,2727,2188,1478
1752381944.8685062,1968,1960,1592,2858,2042,686,2422,1863,1428,2727,2188,1478
1752381944.8788366,1968,1959,1594,2858,2041,686,2422,1862,1430,2727,2187,1478
1752381944.8888533,1968,1957,1597,2858,2041,686,2422,1859,1433,2727,2187,1478
1752381944.8994472,1967,1955,1600,2858,2041,686,2421,1857,1436,2727,2187,1478
1752381944.9104502,1965,1952,1604,2857,2041,686,2419,1854,1440,2726,2187,1478
1752381944.921452,1963,1949,1610,2855,2041,686,2417,1851,1446,2724,2187,1478
1752381944.9315884,1960,1945,1614,2854,2041,686,2414,1846,1450,2723,2187,1478
1752381944.9425585,1957,1941,1620,2852,2041,686,2412,1842,1456,2721,2187,1478
1752381944.95262,1954,1936,1625,2850,2042,686,2409,1836,1461,2718,2188,1478
1752381944.9629512,1950,1931,1631,2848,2043,686,2405,1831,1468,2716,2189,1478
1752381944.9732249,1947,1926,1637,2845,2044,686,2402,1825,1474,2713,2190,1478
1752381944.9843724,1942,1920,1644,2843,2045,686,2397,1819,1481,2711,2191,1478
1752381944.995668,1938,1915,1650,2840,2046,686,2393,1813,1487,2708,2192,1478
1752381945.005783,1934,1908,1655,2837,2046,686,2389,1805,1492,2705,2192,1478
1752381945.015606,1930,1902,1661,2833,2045,686,2385,1799,1498,2700,2191,1478
1752381945.0256124,1927,1897,1665,2831,2044,686,2383,1793,1502,2698,2190,1478
1752381945.0366142,1923,1892,1669,2829,2042,686,2379,1788,1506,2696,2188,1478
1752381945.0484529,1919,1887,1673,2827,2041,685,2375,1782,1510,2694,2187,1476
1752381945.0598607,1915,1884,1675,2825,2040,682,2371,1779,1512,2692,2186,1470
1752381945.0696037,1911,1880,1678,2824,2037,681,2367,1775,1515,2691,2183,1468
1752381945.0806005,1908,1878,1680,2822,2033,681,2364,1772,1517,2689,2179,1468
1752381945.089922,1905,1876,1681,2821,2028,679,2361,1770,1518,2688,2174,1464
1752381945.1007533,1903,1874,1681,2820,2023,679,2359,1768,1518,2687,2169,1464
1752381945.1107297,1900,1874,1681,2820,2018,679,2356,1768,1518,2687,2164,1464
1752381945.1217628,1897,1873,1681,2820,2012,679,2354,1767,1518,2687,2158,1464
1752381945.1312451,1895,1873,1681,2820,2006,679,2352,1767,1518,2687,2152,1464
1752381945.1429944,1892,1873,1681,2820,2001,679,2349,1767,1518,2687,2146,1464
1752381945.1521792,1890,1873,1681,2819,1997,679,2347,1767,1518,2686,2142,1464
1752381945.1625793,1887,1873,1681,2819,1993,679,2344,1767,1518,2686,2138,1464
1752381945.172882,1885,1874,1681,2819,1990,679,2342,1768,1518,2686,2135,1464
1752381945.183105,1883,1875,1682,2819,1986,679,2340,1769,1519,2686,2131,1464
1752381945.1938908,1880,1875,1682,2819,1982,679,2337,1769,1519,2686,2127,1464
1752381945.2044213,1878,1875,1683,2819,1978,679,2335,1769,1520,2686,2123,1464
1752381945.214818,1876,1876,1683,2819,1976,679,2333,1770,1520,2686,2121,1464
1752381945.225474,1874,1876,1684,2819,1972,679,2331,1770,1521,2686,2117,1464
1752381945.235746,1872,1876,1685,2819,1970,679,2329,1770,1522,2686,2115,1464
1752381945.2462232,1869,1876,1687,2819,1968,679,2327,1770,1524,2686,2113,1464
1752381945.255995,1867,1876,1688,2819,1967,679,2325,1770,1525,2686,2112,1464
1752381945.2667964,1864,1877,1689,2819,1965,679,2322,1771,1526,2686,2110,1464
1752381945.2760632,1861,1877,1691,2819,1963,679,2319,1771,1528,2686,2108,1464
1752381945.2876213,1858,1878,1692,2819,1961,679,2316,1772,1530,2686,2106,1464
1752381945.2972918,1855,1879,1693,2819,1959,679,2313,1773,1531,2686,2104,1464
1752381945.3081505,1853,1881,1695,2819,1956,679,2311,1776,1533,2686,2101,1464
1752381945.3172739,1850,1882,1696,2819,1953,679,2308,1777,1534,2686,2098,1464
1752381945.3289547,1847,1883,1697,2819,1951,679,2305,1778,1535,2686,2096,1464
1752381945.339433,1844,1884,1698,2819,1949,679,2302,1779,1536,2686,2094,1464
1752381945.3490658,1842,1885,1699,2819,1947,679,2300,1780,1537,2686,2092,1464
1752381945.3590555,1839,1887,1700,2819,1945,679,2298,1782,1538,2686,2090,1464
1752381945.3700585,1836,1888,1701,2819,1942,679,2295,1783,1539,2686,2087,1464
1752381945.3808866,1833,1889,1701,2819,1940,679,2292,1784,1539,2686,2084,1464
1752381945.390472,1831,1889,1702,2818,1938,679,2290,1784,1540,2685,2082,1464
1752381945.4011571,1829,1890,1703,2817,1936,679,2288,1786,1541,2684,2080,1464
1752381945.411294,1828,1890,1703,2816,1935,679,2287,1786,1541,2683,2079,1464
1752381945.4214013,1826,1891,1704,2814,1934,679,2285,1787,1542,2680,2078,1464
1752381945.4308043,1825,1891,1704,2812,1934,679,2284,1787,1542,2678,2078,1464
1752381945.4407477,1823,1891,1705,2811,1933,679,2282,1787,1543,2677,2077,1464
1752381945.4522176,1823,1891,1705,2810,1933,679,2282,1787,1543,2676,2077,1464
1752381945.4627028,1822,1891,1705,2808,1932,679,2281,1787,1543,2674,2076,1464
1752381945.4718387,1822,1891,1705,2807,1932,679,2281,1787,1543,2673,2076,1464
1752381945.481856,1822,1892,1705,2806,1932,679,2281,1788,1543,2672,2076,1464
1752381945.4923353,1822,1892,1705,2805,1932,679,2281,1788,1543,2671,2076,1464
1752381945.5018785,1822,1892,1705,2803,1932,679,2281,1788,1543,2669,2076,1464
1752381945.5123782,1822,1892,1705,2802,1932,679,2281,1788,1543,2668,2076,1464
1752381945.5225642,1822,1892,1705,2801,1932,679,2281,1788,1543,2667,2076,1464
1752381945.5335941,1822,1892,1705,2800,1932,679,2281,1788,1543,2666,2076,1464
1752381945.5438945,1822,1893,1705,2799,1932,679,2281,1789,1543,2665,2076,1464
1752381945.553429,1822,1894,1705,2798,1932,679,2281,1790,1543,2664,2076,1464
1752381945.564506,1822,1894,1705,2797,1932,679,2281,1790,1543,2663,2076,1464
1752381945.5745058,1822,1895,1705,2795,1932,679,2281,1791,1543,2660,2076,1464
1752381945.586323,1821,1896,1705,2793,1932,679,2280,1792,1543,2658,2076,1464
1752381945.5955386,1821,1897,1706,2791,1932,679,2280,1793,1544,2656,2076,1464
1752381945.6073163,1821,1898,1706,2789,1932,679,2280,1794,1544,2654,2076,1464
1752381945.6174865,1820,1899,1707,2786,1932,679,2279,1795,1545,2651,2076,1464
1752381945.629328,1819,1899,1708,2783,1933,679,2278,1795,1546,2648,2077,1464
1752381945.6398063,1819,1900,1709,2780,1933,679,2278,1797,1547,2645,2077,1464
1752381945.6499236,1818,1901,1710,2777,1934,679,2277,1798,1548,2641,2078,1464
1752381945.660255,1818,1901,1711,2774,1934,679,2277,1798,1549,2638,2078,1464
1752381945.6706283,1818,1901,1713,2770,1934,679,2277,1798,1551,2634,2078,1464
1752381945.6806653,1818,1901,1714,2766,1933,679,2277,1798,1552,2630,2077,1464
1752381945.690677,1818,1901,1716,2762,1933,679,2277,1798,1554,2626,2077,1464
1752381945.701379,1818,1901,1718,2758,1933,679,2277,1798,1556,2621,2077,1464
1752381945.7119474,1818,1901,1719,2754,1932,679,2277,1798,1557,2617,2076,1464
1752381945.7222528,1818,1901,1721,2750,1932,679,2277,1798,1559,2613,2076,1464
1752381945.7315965,1818,1901,1723,2746,1932,679,2277,1798,1561,2609,2076,1464
1752381945.7421699,1818,1901,1726,2742,1932,679,2277,1798,1564,2604,2076,1464
1752381945.7528756,1818,1902,1728,2737,1932,679,2277,1799,1566,2599,2076,1464
1752381945.7626855,1818,1902,1731,2733,1932,679,2277,1799,1569,2595,2076,1464
1752381945.773857,1818,1902,1735,2729,1932,679,2277,1799,1573,2591,2076,1464
1752381945.7838953,1818,1903,1738,2725,1932,679,2277,1800,1576,2587,2076,1464
1752381945.7946632,1817,1903,1742,2721,1932,680,2276,1800,1580,2582,2076,1466
1752381945.805536,1817,1904,1745,2717,1932,680,2276,1801,1583,2578,2076,1466
1752381945.81578,1817,1905,1748,2713,1932,680,2276,1802,1586,2574,2076,1466
1752381945.8264272,1817,1907,1751,2709,1932,680,2276,1804,1589,2570,2076,1466
1752381945.8364341,1817,1909,1754,2705,1932,680,2276,1807,1592,2565,2076,1466
1752381945.8471968,1817,1912,1757,2701,1932,681,2276,1810,1596,2561,2076,1468
1752381945.8571994,1818,1914,1759,2698,1932,681,2277,1812,1598,2558,2076,1468
1752381945.8689651,1818,1917,1763,2694,1932,681,2277,1815,1602,2554,2076,1468
1752381945.8793573,1819,1920,1765,2690,1932,682,2278,1819,1604,2550,2076,1470
1752381945.8905294,1820,1922,1768,2686,1932,682,2279,1821,1607,2545,2076,1470
1752381945.901087,1821,1925,1770,2682,1932,682,2280,1824,1609,2541,2076,1470
1752381945.911571,1821,1927,1773,2679,1932,682,2280,1826,1612,2538,2076,1470
1752381945.9218524,1822,1930,1774,2675,1932,682,2281,1830,1613,2534,2076,1470
1752381945.931248,1823,1933,1776,2672,1932,682,2282,1833,1615,2531,2076,1470
1752381945.9423673,1824,1935,1779,2669,1932,682,2283,1835,1618,2527,2076,1470
1752381945.9524648,1825,1938,1781,2666,1932,682,2284,1838,1620,2524,2076,1470
1752381945.9620385,1825,1940,1783,2662,1932,682,2284,1841,1622,2520,2076,1470
1752381945.9723866,1826,1942,1785,2660,1932,682,2285,1843,1624,2518,2076,1470
1752381945.9837663,1826,1944,1787,2657,1932,682,2285,1845,1626,2515,2076,1470
1752381945.993099,1827,1946,1789,2654,1932,682,2286,1847,1628,2512,2076,1470
1752381946.0043535,1827,1948,1790,2651,1932,682,2286,1849,1629,2509,2076,1470
1752381946.0143342,1828,1951,1792,2649,1932,682,2287,1853,1631,2506,2076,1470
1752381946.0246375,1828,1952,1794,2646,1932,682,2287,1854,1633,2503,2076,1470
1752381946.0352418,1828,1955,1795,2644,1932,682,2287,1857,1634,2501,2076,1470
1752381946.044465,1829,1956,1796,2642,1932,682,2288,1858,1635,2499,2076,1470
1752381946.055948,1829,1958,1797,2640,1932,682,2288,1860,1636,2497,2076,1470
1752381946.0660093,1829,1960,1798,2638,1932,682,2288,1863,1637,2495,2076,1470
1752381946.0752563,1829,1962,1799,2636,1932,682,2288,1865,1638,2493,2076,1470
1752381946.0861533,1829,1963,1799,2635,1931,682,2288,1866,1638,2492,2075,1470
1752381946.0957532,1829,1964,1800,2633,1931,681,2288,1867,1639,2490,2075,1468
1752381946.107924,1829,1965,1800,2632,1931,681,2288,1868,1639,2488,2075,1468
1752381946.1167881,1829,1966,1801,2630,1931,681,2288,1869,1640,2486,2075,1468
1752381946.1286242,1829,1966,1802,2629,1931,681,2288,1869,1641,2485,2075,1468
1752381946.1390688,1829,1967,1802,2627,1931,681,2288,1870,1641,2483,2075,1468
1752381946.1491706,1829,1967,1802,2626,1931,681,2288,1870,1641,2482,2075,1468
1752381946.1601973,1829,1968,1802,2625,1931,681,2288,1872,1641,2481,2075,1468
1752381946.1698222,1829,1968,1802,2624,1931,681,2288,1872,1641,2480,2075,1468
1752381946.1803646,1829,1968,1802,2623,1931,681,2288,1872,1641,2479,2075,1468
1752381946.190431,1829,1969,1802,2622,1931,681,2288,1873,1641,2478,2075,1468
1752381946.1999145,1829,1969,1802,2621,1931,681,2288,1873,1641,2477,2075,1468
1752381946.2104285,1829,1969,1802,2620,1931,681,2288,1873,1641,2476,2075,1468
1752381946.2204769,1829,1969,1802,2619,1931,681,2288,1873,1641,2475,2075,1468
1752381946.23062,1829,1969,1802,2618,1931,681,2288,1873,1641,2474,2075,1468
1752381946.24074,1829,1969,1802,2616,1931,681,2288,1873,1641,2472,2075,1468
1752381946.250519,1829,1970,1802,2615,1931,682,2288,1874,1641,2471,2075,1470
1752381946.2611706,1829,1970,1802,2614,1931,682,2288,1874,1641,2469,2075,1470
1752381946.2720919,1829,1970,1802,2613,1931,682,2288,1874,1641,2468,2075,1470
1752381946.2824118,1829,1971,1802,2612,1931,682,2288,1875,1641,2467,2075,1470
1752381946.291717,1829,1972,1802,2611,1931,682,2288,1876,1641,2466,2075,1470
1752381946.3018916,1829,1973,1802,2610,1931,682,2288,1877,1641,2465,2075,1470
1752381946.3125634,1829,1974,1802,2609,1931,682,2288,1878,1641,2464,2075,1470
1752381946.324283,1829,1975,1802,2608,1931,682,2288,1879,1641,2463,2075,1470
1752381946.335067,1829,1976,1802,2607,1931,682,2288,1880,1641,2462,2075,1470
1752381946.3445916,1829,1978,1802,2606,1931,682,2288,1883,1641,2461,2075,1470
1752381946.355705,1829,1979,1802,2604,1931,682,2288,1884,1641,2459,2075,1470
1752381946.3663263,1829,1981,1802,2603,1931,683,2288,1886,1641,2458,2075,1472
1752381946.3767076,1829,1983,1802,2602,1931,683,2288,1888,1641,2457,2075,1472
1752381946.3874123,1829,1984,1802,2601,1931,683,2288,1889,1641,2456,2075,1472
1752381946.3966646,1829,1985,1802,2600,1931,683,2288,1890,1641,2455,2075,1472
1752381946.4084659,1829,1987,1802,2599,1931,683,2288,1892,1641,2454,2075,1472
1752381946.4200501,1829,1989,1802,2599,1931,683,2288,1895,1641,2454,2075,1472
1752381946.4307294,1829,1990,1802,2598,1931,683,2288,1896,1641,2453,2075,1472
1752381946.4410481,1829,1991,1802,2597,1931,683,2288,1897,1641,2452,2075,1472
1752381946.4509826,1829,1992,1802,2596,1931,683,2288,1898,1641,2450,2075,1472
1752381946.4609027,1829,1993,1802,2595,1932,683,2288,1899,1641,2449,2076,1472
1752381946.470931,1829,1994,1802,2595,1932,683,2288,1900,1641,2449,2076,1472
1752381946.4809527,1829,1995,1802,2594,1932,683,2288,1901,1641,2448,2076,1472
1752381946.4910297,1829,1996,1802,2593,1932,683,2288,1902,1641,2447,2076,1472
1752381946.5014317,1829,1997,1802,2592,1932,683,2288,1903,1641,2446,2076,1472
1752381946.512046,1830,1998,1802,2592,1933,683,2289,1905,1641,2446,2077,1472
1752381946.522252,1830,1998,1802,2591,1933,683,2289,1905,1641,2445,2077,1472
1752381946.531716,1830,1998,1802,2590,1933,683,2289,1905,1641,2444,2077,1472
1752381946.5436347,1831,1999,1802,2589,1933,683,2290,1906,1641,2443,2077,1472
1752381946.5521903,1831,2000,1802,2588,1933,682,2290,1907,1641,2442,2077,1470
1752381946.5633712,1831,2000,1802,2588,1934,682,2290,1907,1641,2442,2078,1470
1752381946.5736716,1831,2001,1802,2587,1934,682,2290,1908,1641,2441,2078,1470
1752381946.5832179,1832,2001,1802,2586,1934,682,2291,1908,1641,2440,2078,1470
1752381946.5942645,1832,2002,1802,2586,1934,682,2291,1909,1641,2440,2078,1470
1752381946.6044888,1832,2003,1802,2585,1935,682,2291,1910,1641,2439,2079,1470
1752381946.6149092,1832,2003,1802,2584,1935,682,2291,1910,1641,2438,2079,1470
1752381946.6255672,1833,2004,1802,2584,1935,681,2292,1911,1641,2438,2079,1468
1752381946.6355705,1833,2005,1802,2583,1935,681,2292,1912,1641,2437,2079,1468
1752381946.646915,1834,2005,1802,2582,1935,681,2293,1912,1641,2436,2079,1468
1752381946.6566203,1834,2006,1802,2582,1935,681,2293,1913,1641,2436,2079,1468
1752381946.6674805,1835,2006,1802,2581,1935,681,2294,1913,1641,2435,2079,1468
1752381946.6768982,1836,2007,1802,2580,1935,681,2295,1914,1641,2434,2079,1468
1752381946.687722,1836,2008,1802,2579,1935,681,2295,1916,1641,2433,2079,1468
1752381946.696987,1837,2009,1802,2579,1935,681,2296,1917,1641,2433,2079,1468
1752381946.707794,1837,2010,1802,2578,1936,681,2296,1918,1641,2432,2080,1468
1752381946.717063,1838,2011,1802,2577,1936,681,2297,1919,1641,2430,2080,1468
1752381946.7273118,1838,2012,1802,2576,1936,681,2297,1920,1641,2429,2080,1468
1752381946.7373295,1839,2012,1802,2576,1936,680,2298,1920,1641,2429,2080,1466
1752381946.7486997,1839,2013,1802,2575,1937,680,2298,1921,1641,2428,2081,1466
1752381946.758898,1840,2015,1802,2574,1937,680,2298,1923,1641,2427,2081,1466
1752381946.7699194,1840,2016,1802,2573,1937,680,2298,1924,1641,2426,2081,1466
1752381946.7804313,1841,2017,1802,2572,1937,680,2299,1925,1641,2425,2081,1466
1752381946.7896547,1841,2018,1802,2571,1937,680,2299,1927,1641,2424,2081,1466
1752381946.8008027,1841,2019,1802,2571,1938,680,2299,1928,1641,2424,2082,1466
1752381946.8112452,1842,2021,1802,2570,1938,680,2300,1930,1641,2423,2082,1466
1752381946.8202348,1842,2022,1802,2569,1938,680,2300,1931,1641,2422,2082,1466
1752381946.8313396,1843,2023,1802,2568,1938,680,2301,1932,1641,2421,2082,1466
1752381946.8413773,1843,2024,1802,2568,1938,680,2301,1933,1641,2421,2082,1466
1752381946.8505824,1844,2025,1802,2567,1938,680,2302,1934,1641,2420,2082,1466
1752381946.8605847,1845,2027,1802,2566,1939,679,2303,1937,1641,2419,2083,1464
1752381946.8714132,1845,2028,1802,2565,1939,679,2303,1938,1641,2418,2083,1464
1752381946.8813965,1846,2029,1802,2565,1939,679,2304,1939,1641,2418,2083,1464
1752381946.8915067,1846,2030,1802,2564,1939,679,2304,1940,1641,2417,2083,1464
1752381946.9015663,1847,2031,1802,2563,1939,679,2305,1941,1641,2416,2083,1464
1752381946.912195,1848,2033,1802,2562,1940,679,2306,1943,1641,2415,2084,1464
1752381946.9215667,1848,2034,1802,2561,1940,679,2306,1944,1641,2414,2084,1464
1752381946.9323575,1849,2035,1802,2560,1940,679,2307,1945,1641,2413,2084,1464
1752381946.9425735,1850,2036,1802,2559,1941,679,2308,1946,1641,2411,2086,1464
1752381946.9533463,1851,2037,1802,2559,1941,679,2309,1948,1641,2411,2086,1464
1752381946.964348,1852,2038,1802,2558,1942,678,2310,1949,1641,2410,2087,1462
1752381946.9754887,1852,2039,1802,2557,1942,678,2310,1950,1641,2409,2087,1462
1752381946.986181,1853,2040,1802,2556,1943,678,2311,1951,1641,2408,2088,1462
1752381946.9964478,1854,2040,1802,2555,1943,678,2312,1951,1641,2407,2088,1462
1752381947.0064917,1855,2041,1803,2554,1944,678,2313,1952,1642,2406,2089,1462
1752381947.0168033,1855,2042,1803,2553,1945,678,2313,1953,1642,2405,2090,1462
1752381947.0281827,1856,2042,1803,2552,1945,678,2314,1953,1642,2404,2090,1462
1752381947.0376503,1857,2043,1803,2551,1946,678,2315,1954,1642,2403,2091,1462
1752381947.048804,1858,2043,1803,2551,1947,678,2316,1954,1642,2403,2092,1462
1752381947.059989,1860,2044,1803,2550,1947,678,2318,1955,1642,2402,2092,1462
1752381947.069199,1861,2045,1803,2548,1948,678,2319,1956,1642,2400,2093,1462
1752381947.0799592,1862,2045,1803,2547,1949,678,2320,1956,1642,2399,2094,1462
1752381947.090331,1863,2046,1803,2546,1950,678,2321,1957,1642,2398,2095,1462
1752381947.1004372,1864,2047,1803,2545,1951,678,2322,1959,1642,2397,2096,1462
1752381947.1115668,1866,2048,1803,2544,1952,678,2324,1960,1642,2396,2097,1462
1752381947.1210287,1867,2049,1803,2542,1953,678,2325,1961,1642,2394,2098,1462
1752381947.1314337,1868,2050,1803,2541,1954,678,2326,1962,1642,2392,2099,1462
1752381947.14267,1869,2052,1803,2540,1955,678,2327,1964,1642,2391,2100,1462
1752381947.1515217,1871,2053,1803,2539,1955,678,2328,1965,1642,2390,2100,1462
1752381947.162525,1872,2054,1803,2538,1956,678,2329,1966,1642,2389,2101,1462
1752381947.1735425,1874,2056,1803,2537,1958,678,2331,1968,1642,2388,2103,1462
1752381947.1845455,1876,2057,1803,2536,1958,678,2333,1970,1642,2387,2103,1462
1752381947.1955478,1877,2057,1802,2536,1959,678,2334,1970,1641,2387,2104,1462
1752381947.2073398,1879,2057,1802,2536,1960,678,2336,1970,1641,2387,2105,1462
1752381947.2165773,1880,2057,1802,2535,1960,678,2337,1970,1641,2386,2105,1462
1752381947.2267952,1881,2057,1802,2535,1961,678,2338,1970,1641,2386,2106,1462
1752381947.2384086,1882,2057,1802,2534,1962,678,2339,1970,1641,2385,2107,1462
1752381947.2479854,1883,2057,1801,2533,1963,678,2340,1970,1640,2384,2108,1462
1752381947.2571409,1884,2057,1801,2533,1964,678,2341,1970,1640,2384,2109,1462
1752381947.268034,1885,2057,1801,2532,1965,678,2342,1970,1640,2383,2110,1462
1752381947.277261,1886,2057,1801,2531,1965,678,2343,1970,1640,2382,2110,1462
1752381947.287719,1887,2058,1801,2531,1966,678,2344,1971,1640,2382,2111,1462
1752381947.298792,1889,2058,1801,2530,1967,678,2346,1971,1640,2381,2112,1462
1752381947.3091142,1890,2058,1801,2529,1967,678,2347,1971,1640,2380,2112,1462
1752381947.3193557,1891,2059,1801,2528,1968,678,2348,1972,1640,2379,2113,1462
1752381947.330609,1892,2059,1801,2528,1969,678,2349,1972,1640,2379,2114,1462
1752381947.3411443,1894,2060,1801,2528,1969,678,2351,1973,1640,2379,2114,1462
1752381947.350445,1895,2060,1801,2528,1969,677,2352,1973,1640,2379,2114,1460
1752381947.3604462,1896,2061,1801,2528,1969,675,2353,1974,1640,2379,2114,1456
1752381947.3713024,1897,2061,1801,2528,1969,672,2354,1974,1640,2379,2114,1450
1752381947.3806517,1898,2061,1801,2528,1970,670,2355,1974,1640,2379,2115,1447
1752381947.391314,1899,2061,1801,2528,1970,666,2355,1974,1640,2379,2115,1439
1752381947.4013076,1900,2061,1801,2528,1970,662,2356,1974,1640,2379,2115,1431
1752381947.410726,1901,2061,1801,2528,1970,657,2357,1974,1640,2379,2115,1421
1752381947.421417,1902,2061,1801,2528,1970,650,2358,1974,1640,2379,2115,1407
1752381947.4313972,1903,2061,1801,2528,1970,641,2359,1974,1640,2379,2115,1390
1752381947.4408057,1903,2061,1801,2528,1970,631,2359,1974,1640,2379,2115,1370
1752381947.452825,1904,2061,1802,2528,1971,622,2360,1974,1641,2379,2116,1353
1752381947.4620595,1905,2061,1802,2528,1971,611,2361,1974,1641,2379,2116,1331
1752381947.4724376,1906,2061,1802,2528,1971,602,2362,1974,1641,2379,2116,1314
1752381947.4821513,1907,2061,1802,2528,1971,591,2363,1974,1641,2379,2116,1292
1752381947.4919329,1908,2061,1802,2528,1972,581,2364,1974,1641,2379,2117,1273
1752381947.5025387,1909,2061,1802,2528,1972,572,2365,1974,1641,2379,2117,1255
1752381947.512838,1910,2061,1802,2528,1972,566,2366,1974,1641,2379,2117,1244
1752381947.5236444,1911,2061,1802,2528,1972,563,2367,1974,1641,2379,2117,1238
1752381947.5339866,1912,2061,1802,2528,1972,562,2368,1974,1641,2379,2117,1236
1752381947.5444531,1913,2062,1802,2528,1972,562,2369,1975,1641,2379,2117,1236
1752381947.5545025,1915,2062,1802,2528,1972,559,2371,1975,1641,2379,2117,1230
1752381947.5646605,1916,2062,1803,2528,1972,552,2372,1975,1642,2379,2117,1216
1752381947.5739167,1917,2062,1803,2528,1972,544,2373,1975,1642,2379,2117,1201
1752381947.585779,1918,2062,1803,2528,1972,536,2374,1975,1642,2379,2117,1185
1752381947.5955281,1919,2062,1803,2528,1972,527,2375,1975,1642,2379,2117,1167
1752381947.6060472,1921,2062,1803,2528,1973,519,2377,1975,1642,2379,2118,1152
1752381947.615833,1922,2062,1803,2528,1973,510,2378,1975,1642,2379,2118,1134
1752381947.626611,1924,2063,1803,2528,1973,502,2380,1976,1642,2379,2118,1119
1752381947.6368454,1925,2063,1803,2528,1974,494,2381,1976,1642,2379,2119,1103
1752381947.648002,1927,2063,1803,2528,1974,488,2383,1976,1642,2379,2119,1091
1752381947.6572347,1928,2063,1803,2528,1974,482,2384,1976,1642,2379,2119,1080
1752381947.668036,1930,2063,1803,2528,1974,475,2385,1976,1642,2379,2119,1066
1752381947.6779068,1932,2063,1803,2528,1975,469,2387,1976,1642,2379,2120,1054
1752381947.6896749,1934,2063,1804,2528,1975,463,2389,1976,1643,2379,2120,1042
1752381947.700677,1936,2063,1804,2528,1975,458,2391,1976,1643,2379,2120,1033
1752381947.7107131,1937,2063,1804,2528,1975,454,2392,1976,1643,2379,2120,1025
1752381947.7200882,1939,2063,1805,2528,1976,453,2394,1976,1644,2379,2121,1023
1752381947.7310374,1940,2063,1805,2528,1977,453,2395,1976,1644,2379,2122,1023
1752381947.740972,1942,2063,1806,2528,1978,453,2397,1976,1645,2379,2123,1023
1752381947.751279,1943,2063,1806,2529,1979,453,2398,1976,1645,2380,2124,1023
1752381947.7615478,1945,2063,1807,2529,1979,453,2400,1976,1646,2380,2124,1023
1752381947.7717998,1946,2063,1807,2529,1981,452,2401,1976,1646,2380,2126,1021
1752381947.781888,1946,2063,1807,2530,1982,452,2401,1976,1646,2381,2127,1021
1752381947.791172,1948,2063,1808,2530,1983,452,2403,1976,1647,2381,2128,1021
1752381947.801879,1949,2063,1808,2531,1985,452,2404,1976,1647,2382,2130,1021
1752381947.812566,1949,2063,1808,2531,1986,452,2404,1976,1647,2382,2131,1021
1752381947.8225715,1950,2063,1809,2531,1987,452,2405,1976,1648,2382,2132,1021
1752381947.8328052,1951,2062,1809,2532,1988,452,2406,1975,1648,2383,2133,1021
1752381947.8433566,1953,2062,1810,2532,1989,452,2408,1975,1649,2383,2134,1021
1752381947.8533592,1953,2061,1811,2532,1990,452,2408,1974,1650,2383,2135,1021
1752381947.864361,1954,2060,1812,2533,1990,452,2409,1973,1651,2384,2135,1021
1752381947.8752756,1955,2059,1814,2533,1992,452,2410,1972,1653,2384,2137,1021
1752381947.8869267,1956,2057,1815,2533,1993,452,2411,1970,1654,2384,2138,1021
1752381947.8983207,1957,2055,1816,2534,1994,452,2412,1967,1655,2385,2139,1021
1752381947.9075894,1958,2054,1817,2534,1995,452,2413,1966,1656,2385,2140,1021
1752381947.9183629,1959,2052,1818,2535,1996,452,2413,1964,1657,2386,2141,1021
1752381947.9293864,1960,2050,1819,2538,1996,452,2414,1962,1658,2389,2141,1021
1752381947.940423,1961,2048,1819,2541,1997,452,2415,1960,1658,2392,2142,1021
1752381947.9504697,1962,2045,1819,2544,1998,452,2416,1956,1658,2396,2143,1021
1752381947.9595556,1963,2041,1819,2547,1999,452,2417,1952,1658,2399,2144,1021
1752381947.9703186,1964,2037,1819,2551,1999,452,2418,1948,1658,2403,2144,1021
1752381947.9803476,1965,2033,1819,2555,2001,452,2419,1943,1658,2407,2146,1021
1752381947.9914813,1965,2028,1819,2559,2002,452,2419,1938,1658,2411,2147,1021
1752381948.001146,1966,2023,1819,2563,2003,452,2420,1932,1658,2416,2149,1021
1752381948.011162,1967,2017,1819,2566,2005,452,2421,1925,1658,2419,2151,1021
1752381948.0216553,1967,2012,1819,2570,2006,452,2421,1920,1658,2423,2152,1021
1752381948.0308475,1967,2005,1819,2573,2008,452,2421,1912,1658,2426,2154,1021
1752381948.041707,1968,1998,1819,2577,2009,452,2422,1905,1658,2430,2155,1021
1752381948.0518744,1968,1991,1819,2581,2011,452,2422,1897,1658,2435,2157,1021
1752381948.0622947,1968,1984,1819,2585,2012,452,2422,1889,1658,2439,2158,1021
1752381948.0722895,1968,1976,1819,2588,2013,452,2422,1880,1658,2442,2159,1021
1752381948.0825567,1968,1969,1819,2592,2015,452,2422,1873,1658,2446,2161,1021
1752381948.0924,1968,1962,1819,2596,2016,452,2422,1865,1658,2450,2162,1021
1752381948.1030571,1968,1955,1818,2601,2017,452,2422,1857,1657,2456,2163,1021
1752381948.1143098,1968,1947,1816,2605,2019,452,2422,1848,1655,2460,2165,1021
1752381948.1233726,1968,1941,1816,2610,2020,452,2422,1842,1655,2465,2166,1021
1752381948.1351197,1968,1934,1815,2615,2021,452,2422,1834,1654,2471,2167,1021
1752381948.1455028,1968,1927,1814,2620,2023,452,2422,1826,1653,2476,2169,1021
1752381948.1555529,1967,1921,1813,2624,2024,452,2421,1820,1652,2480,2170,1021
1752381948.1671014,1967,1915,1813,2629,2026,452,2421,1813,1652,2485,2172,1021
1752381948.1765893,1966,1909,1812,2633,2026,452,2420,1807,1651,2490,2172,1021
1752381948.1871548,1966,1903,1812,2636,2028,452,2420,1800,1651,2493,2174,1021
1752381948.1965914,1965,1898,1812,2640,2029,452,2419,1794,1651,2497,2175,1021
1752381948.2073078,1965,1893,1812,2644,2030,452,2419,1789,1651,2501,2176,1021
1752381948.2193105,1965,1888,1812,2648,2031,452,2419,1783,1651,2505,2177,1021
1752381948.2295618,1965,1883,1812,2651,2031,452,2419,1778,1651,2509,2177,1021
1752381948.2401717,1964,1879,1812,2655,2032,452,2418,1773,1651,2513,2178,1021
1752381948.2501748,1964,1876,1812,2658,2032,452,2418,1770,1651,2516,2178,1021
1752381948.260182,1964,1873,1812,2661,2032,452,2418,1767,1651,2519,2178,1021
1752381948.2702677,1964,1870,1812,2664,2032,452,2418,1764,1651,2522,2178,1021
1752381948.2796535,1964,1867,1812,2667,2032,452,2418,1760,1651,2525,2178,1021
1752381948.2906413,1965,1864,1812,2669,2033,452,2419,1757,1651,2527,2179,1021
1752381948.300319,1965,1862,1812,2672,2033,452,2419,1755,1651,2531,2179,1021
1752381948.3103566,1966,1861,1812,2674,2033,452,2420,1754,1651,2533,2179,1021
1752381948.321022,1966,1859,1812,2676,2033,452,2420,1751,1651,2535,2179,1021
1752381948.331012,1967,1858,1813,2679,2033,452,2421,1750,1652,2538,2179,1021
1752381948.340442,1967,1857,1813,2681,2033,452,2421,1749,1652,2540,2179,1021
1752381948.35044,1968,1856,1813,2683,2033,452,2422,1748,1652,2542,2179,1021
1752381948.361186,1968,1855,1814,2685,2033,452,2422,1747,1653,2544,2179,1021
1752381948.3706186,1969,1854,1814,2688,2033,452,2423,1746,1653,2548,2179,1021
1752381948.3812687,1970,1853,1815,2690,2033,452,2424,1745,1654,2550,2179,1021
1752381948.3905268,1971,1851,1815,2691,2033,452,2425,1743,1654,2551,2179,1021
1752381948.4010282,1971,1850,1817,2693,2033,452,2425,1741,1656,2553,2179,1021
1752381948.4117894,1972,1849,1818,2694,2033,452,2426,1740,1657,2554,2179,1021
1752381948.422084,1973,1847,1819,2696,2033,452,2427,1738,1658,2556,2179,1021
1752381948.4314835,1973,1846,1819,2699,2033,452,2427,1737,1658,2559,2179,1021
1752381948.4423685,1974,1846,1819,2701,2033,452,2428,1737,1658,2561,2179,1021
1752381948.4530602,1976,1845,1820,2703,2033,452,2430,1736,1660,2563,2179,1021
1752381948.4626124,1977,1845,1820,2705,2033,452,2431,1736,1660,2565,2179,1021
1752381948.4728696,1978,1844,1820,2707,2033,452,2432,1735,1660,2568,2179,1021
1752381948.4841588,1980,1844,1820,2708,2034,452,2434,1735,1660,2569,2180,1021
1752381948.4951165,1981,1843,1820,2709,2034,452,2435,1734,1660,2570,2180,1021
1752381948.5059779,1982,1843,1820,2709,2034,452,2436,1734,1660,2570,2180,1021
1752381948.516284,1984,1842,1820,2709,2035,452,2438,1733,1660,2570,2181,1021
1752381948.5273676,1985,1842,1820,2709,2035,452,2439,1733,1660,2570,2181,1021
1752381948.5380802,1986,1841,1820,2709,2036,452,2440,1732,1660,2570,2182,1021
1752381948.5486996,1987,1841,1820,2709,2037,452,2441,1732,1660,2570,2183,1021
1752381948.5574884,1987,1841,1820,2709,2037,452,2441,1732,1660,2570,2183,1021
1752381948.5691245,1988,1841,1820,2709,2038,452,2442,1732,1660,2570,2184,1021
1752381948.5791867,1989,1841,1820,2709,2038,452,2442,1732,1660,2570,2184,1021
1752381948.589643,1989,1841,1820,2709,2039,452,2442,1732,1660,2570,2185,1021
1752381948.6001341,1990,1841,1820,2709,2039,452,2443,1732,1660,2570,2185,1021
1752381948.6116917,1990,1841,1820,2709,2039,452,2443,1732,1660,2570,2185,1021
1752381948.6207504,1990,1841,1821,2709,2039,452,2443,1732,1661,2570,2185,1021
1752381948.632061,1990,1841,1822,2709,2040,452,2443,1732,1662,2570,2186,1021
1752381948.6423402,1990,1841,1823,2709,2040,452,2443,1732,1663,2570,2186,1021
1752381948.651722,1990,1841,1823,2709,2040,452,2443,1732,1663,2570,2186,1021
1752381948.6619806,1990,1841,1824,2709,2040,452,2443,1732,1664,2570,2186,1021
1752381948.673124,1989,1842,1825,2709,2040,452,2442,1733,1665,2570,2186,1021
1752381948.68418,1988,1842,1826,2709,2040,452,2442,1733,1666,2570,2186,1021
1752381948.6945188,1987,1843,1828,2708,2040,452,2441,1734,1668,2569,2186,1021
1752381948.7049546,1986,1843,1828,2708,2040,452,2440,1734,1668,2569,2186,1021
1752381948.7140453,1985,1844,1830,2706,2040,452,2439,1735,1670,2567,2186,1021
1752381948.7257795,1984,1844,1832,2704,2040,452,2438,1735,1672,2564,2186,1021
1752381948.7358844,1983,1844,1834,2702,2040,452,2437,1735,1674,2562,2186,1021
1752381948.7476218,1981,1844,1836,2699,2040,452,2435,1735,1676,2559,2186,1021
1752381948.7569118,1980,1845,1838,2696,2040,452,2434,1736,1678,2556,2186,1021
1752381948.7679172,1979,1845,1840,2693,2040,452,2433,1736,1680,2553,2186,1021
1752381948.7779832,1977,1846,1842,2689,2040,452,2431,1737,1682,2549,2186,1021
1752381948.78887,1976,1846,1845,2685,2039,452,2430,1737,1685,2544,2185,1021
1752381948.8006806,1975,1848,1847,2681,2037,452,2429,1739,1687,2540,2183,1021
1752381948.8107197,1973,1850,1850,2678,2035,452,2427,1741,1690,2537,2181,1021
1752381948.8209183,1972,1852,1851,2675,2034,452,2426,1744,1691,2534,2180,1021
1752381948.831487,1970,1855,1853,2673,2034,452,2424,1747,1693,2532,2180,1021
1752381948.8404279,1968,1857,1854,2671,2033,452,2422,1749,1694,2530,2179,1021
1752381948.8514204,1966,1861,1856,2668,2032,452,2420,1754,1696,2526,2178,1021
1752381948.8615956,1964,1863,1857,2666,2032,452,2418,1756,1697,2524,2178,1021
1752381948.8723164,1962,1866,1859,2663,2032,452,2416,1759,1699,2521,2178,1021
1752381948.882308,1960,1868,1861,2660,2032,452,2414,1761,1701,2518,2178,1021
1752381948.8923142,1959,1870,1863,2656,2031,452,2413,1764,1703,2514,2177,1021
1752381948.9015756,1957,1871,1866,2653,2031,452,2412,1765,1706,2511,2177,1021
1752381948.9124353,1956,1871,1869,2649,2031,452,2411,1765,1709,2506,2177,1021
1752381948.9224234,1955,1872,1871,2646,2031,452,2410,1766,1711,2503,2177,1021
1752381948.9321806,1954,1873,1874,2643,2031,452,2409,1767,1714,2500,2177,1021
1752381948.942183,1952,1874,1876,2640,2031,452,2407,1768,1716,2497,2177,1021
1752381948.9525115,1951,1875,1878,2637,2031,452,2406,1769,1718,2494,2177,1021
1752381948.962911,1951,1875,1880,2635,2030,452,2406,1769,1720,2492,2176,1021
1752381948.9739585,1950,1876,1881,2633,2030,452,2405,1770,1721,2490,2176,1021
1752381948.9831367,1949,1876,1883,2631,2030,452,2404,1770,1723,2487,2176,1021
1752381948.9931931,1948,1877,1884,2629,2030,452,2403,1771,1725,2485,2176,1021
1752381949.0043185,1947,1877,1885,2628,2030,452,2402,1771,1726,2484,2176,1021
1752381949.014453,1947,1878,1886,2625,2030,452,2402,1772,1727,2481,2176,1021
1752381949.025455,1947,1879,1887,2624,2029,452,2402,1773,1728,2480,2175,1021
1752381949.036457,1946,1881,1887,2622,2029,452,2401,1776,1728,2478,2175,1021
1752381949.0472894,1946,1882,1887,2621,2029,452,2401,1777,1728,2477,2175,1021
1752381949.0565352,1945,1883,1887,2619,2028,452,2400,1778,1728,2475,2174,1021
1752381949.067726,1945,1884,1887,2618,2028,452,2400,1779,1728,2474,2174,1021
1752381949.0778005,1945,1886,1887,2616,2027,452,2400,1781,1728,2472,2173,1021
1752381949.0876288,1944,1888,1887,2614,2027,452,2399,1783,1728,2469,2173,1021
1752381949.0983899,1943,1889,1887,2612,2027,452,2398,1784,1728,2467,2173,1021
1752381949.108453,1943,1891,1887,2610,2027,452,2398,1787,1728,2465,2173,1021
1752381949.118538,1942,1892,1887,2608,2026,452,2397,1788,1728,2463,2172,1021
1752381949.1291895,1942,1894,1887,2607,2026,452,2397,1790,1728,2462,2172,1021
1752381949.139994,1941,1896,1887,2605,2025,452,2396,1792,1728,2460,2171,1021
1752381949.1498652,1941,1898,1887,2603,2024,452,2396,1794,1728,2458,2170,1021
1752381949.1606357,1940,1899,1887,2601,2023,452,2395,1795,1728,2456,2169,1021
1752381949.1712928,1939,1901,1887,2600,2022,452,2394,1798,1728,2455,2168,1021
1752381949.180522,1939,1903,1887,2598,2021,452,2394,1800,1728,2453,2167,1021
1752381949.1914282,1938,1904,1887,2597,2019,452,2393,1801,1728,2452,2165,1021
1752381949.2020013,1938,1906,1887,2595,2018,452,2393,1803,1728,2449,2164,1021
1752381949.211926,1937,1907,1887,2594,2017,452,2392,1804,1728,2448,2163,1021
1752381949.2223916,1936,1909,1887,2592,2016,452,2391,1807,1728,2446,2162,1021
1752381949.2318873,1935,1911,1887,2591,2015,452,2390,1809,1728,2445,2161,1021
1752381949.2422023,1934,1913,1887,2589,2013,452,2389,1811,1728,2443,2159,1021
1752381949.2525494,1933,1914,1887,2588,2012,452,2388,1812,1728,2442,2158,1021
1752381949.2628682,1932,1916,1887,2586,2011,452,2387,1814,1728,2440,2157,1021
1752381949.2738001,1931,1917,1887,2584,2010,452,2386,1815,1728,2438,2156,1021
1752381949.2838023,1930,1919,1887,2583,2009,452,2385,1818,1728,2437,2155,1021
1752381949.2938435,1928,1920,1887,2581,2008,452,2384,1819,1728,2435,2154,1021
1752381949.3038568,1927,1921,1887,2580,2007,452,2383,1820,1728,2434,2153,1021
1752381949.3138924,1926,1922,1887,2578,2006,452,2382,1821,1728,2432,2152,1021
1752381949.325762,1925,1924,1887,2576,2005,452,2381,1823,1728,2429,2151,1021
1752381949.33493,1923,1925,1887,2575,2004,452,2379,1824,1728,2428,2150,1021
1752381949.3467338,1922,1926,1887,2573,2003,452,2378,1825,1728,2426,2149,1021
1752381949.3568974,1920,1927,1887,2571,2002,452,2376,1826,1728,2424,2147,1021
1752381949.3677392,1919,1928,1887,2570,2002,452,2375,1827,1728,2423,2147,1021
1752381949.3769424,1918,1929,1887,2569,2001,452,2374,1829,1728,2422,2146,1021
1752381949.3876848,1916,1930,1887,2567,2001,452,2372,1830,1728,2420,2146,1021
1752381949.3969846,1915,1931,1887,2565,2000,452,2371,1831,1728,2418,2145,1021
1752381949.408011,1913,1931,1887,2564,2000,452,2369,1831,1728,2417,2145,1021
1752381949.4173038,1912,1932,1887,2563,1999,452,2368,1832,1728,2416,2144,1021
1752381949.428494,1910,1932,1887,2561,1998,452,2366,1832,1728,2414,2143,1021
1752381949.4389572,1909,1932,1887,2560,1998,452,2365,1832,1728,2413,2143,1021
1752381949.449009,1908,1932,1887,2559,1997,452,2364,1832,1728,2411,2142,1021
1752381949.4604106,1907,1932,1887,2558,1995,452,2363,1832,1728,2410,2140,1021
1752381949.4704022,1906,1933,1887,2558,1994,452,2362,1833,1728,2410,2139,1021
1752381949.4812489,1904,1933,1887,2557,1993,452,2360,1833,1728,2409,2138,1021
1752381949.4914715,1904,1933,1887,2556,1992,452,2360,1833,1728,2408,2137,1021
1752381949.5016618,1903,1933,1887,2555,1992,452,2359,1833,1728,2407,2137,1021
1752381949.511322,1901,1933,1887,2555,1991,452,2357,1833,1728,2407,2136,1021
1752381949.5207934,1901,1933,1887,2554,1991,452,2357,1833,1728,2406,2136,1021
1752381949.531428,1900,1933,1887,2554,1990,452,2356,1833,1728,2406,2135,1021
1752381949.5420544,1899,1934,1887,2553,1989,452,2355,1834,1728,2405,2134,1021
1752381949.552138,1899,1934,1887,2552,1988,452,2355,1834,1728,2404,2133,1021
1752381949.562939,1898,1934,1887,2551,1987,452,2355,1834,1728,2403,2132,1021
1752381949.5724144,1898,1935,1887,2550,1986,452,2355,1835,1728,2402,2131,1021
1752381949.583495,1897,1935,1887,2549,1986,452,2354,1835,1728,2401,2131,1021
1752381949.5923083,1897,1935,1887,2548,1986,452,2354,1835,1728,2400,2131,1021
1752381949.6022305,1897,1936,1887,2547,1985,452,2354,1836,1728,2399,2130,1021
1752381949.6124046,1896,1936,1887,2546,1985,452,2353,1836,1728,2398,2130,1021
1752381949.622309,1896,1937,1887,2545,1985,452,2353,1837,1728,2397,2130,1021
1752381949.6323438,1896,1937,1887,2544,1985,452,2353,1837,1728,2396,2130,1021
1752381949.6425903,1895,1938,1887,2542,1985,452,2352,1838,1728,2394,2130,1021
1752381949.6526284,1895,1939,1887,2541,1985,452,2352,1840,1728,2392,2130,1021
1752381949.663502,1895,1939,1887,2540,1985,452,2352,1840,1728,2391,2130,1021
1752381949.6748662,1895,1940,1887,2539,1985,452,2352,1841,1728,2390,2130,1021
1752381949.6856725,1895,1941,1887,2538,1985,452,2352,1842,1728,2389,2130,1021
1752381949.6955905,1895,1941,1887,2537,1985,452,2352,1842,1728,2388,2130,1021
1752381949.70568,1895,1942,1887,2537,1985,452,2352,1843,1728,2388,2130,1021
1752381949.7149644,1895,1943,1887,2537,1985,452,2352,1844,1728,2388,2130,1021
1752381949.7257385,1895,1945,1887,2536,1984,452,2352,1846,1728,2387,2129,1021
1752381949.7369525,1895,1946,1887,2536,1984,452,2352,1847,1728,2387,2129,1021
1752381949.7459857,1896,1947,1887,2536,1984,452,2353,1848,1728,2387,2129,1021
1752381949.7565975,1896,1949,1887,2536,1984,452,2353,1851,1728,2387,2129,1021
1752381949.7668586,1897,1950,1887,2535,1983,452,2354,1852,1728,2386,2128,1021
1752381949.7778373,1898,1952,1887,2534,1983,452,2355,1854,1728,2385,2128,1021
1752381949.7882335,1899,1954,1887,2533,1983,452,2355,1856,1728,2384,2128,1021
1752381949.7987673,1900,1956,1887,2532,1983,452,2356,1858,1728,2383,2128,1021
1752381949.808426,1901,1958,1887,2530,1982,452,2357,1860,1728,2381,2127,1021
1752381949.8202999,1903,1960,1887,2528,1982,452,2359,1863,1728,2379,2127,1021
1752381949.830446,1904,1963,1887,2526,1982,452,2360,1866,1728,2377,2127,1021
1752381949.8408203,1905,1965,1887,2525,1982,452,2361,1868,1728,2376,2127,1021
1752381949.8504763,1906,1968,1887,2522,1981,452,2362,1872,1728,2372,2126,1021
1752381949.8606331,1907,1970,1887,2521,1981,452,2363,1874,1728,2371,2126,1021
1752381949.8706355,1908,1972,1887,2519,1981,452,2364,1876,1728,2369,2126,1021
1752381949.8813934,1909,1975,1887,2517,1980,452,2365,1879,1728,2367,2125,1021
1752381949.8917205,1910,1978,1887,2515,1980,452,2366,1883,1728,2365,2125,1021
1752381949.9017346,1911,1980,1887,2514,1980,452,2367,1885,1728,2364,2125,1021
1752381949.9115827,1912,1983,1887,2512,1980,452,2368,1888,1728,2362,2125,1021
1752381949.921904,1912,1986,1887,2511,1980,452,2368,1891,1728,2361,2125,1021
1752381949.9326644,1913,1988,1887,2510,1980,452,2369,1894,1728,2360,2125,1021
1752381949.9431422,1914,1991,1887,2508,1980,452,2370,1897,1728,2358,2125,1021
1752381949.954254,1914,1993,1887,2507,1980,452,2370,1899,1728,2357,2125,1021
1752381949.96448,1915,1995,1887,2507,1980,452,2371,1901,1728,2357,2125,1021
1752381949.9744308,1916,1996,1887,2507,1980,452,2372,1902,1728,2357,2125,1021
1752381949.9865267,1917,1996,1887,2506,1980,452,2373,1902,1728,2356,2125,1021
1752381949.9963117,1917,1996,1887,2506,1980,452,2373,1902,1728,2356,2125,1021
1752381950.0064526,1918,1996,1887,2506,1980,452,2374,1902,1728,2356,2125,1021
1752381950.0163865,1918,1995,1887,2506,1980,452,2374,1901,1728,2356,2125,1021
1752381950.0276914,1918,1995,1887,2505,1980,452,2374,1901,1728,2355,2125,1021
1752381950.0377443,1919,1995,1887,2505,1980,452,2375,1901,1728,2355,2125,1021
1752381950.0474334,1919,1995,1887,2504,1980,452,2375,1901,1728,2353,2125,1021
1752381950.0585911,1919,1995,1887,2503,1980,452,2375,1901,1728,2352,2125,1021
1752381950.069006,1919,1995,1887,2503,1980,452,2375,1901,1728,2352,2125,1021
1752381950.079041,1920,1995,1887,2502,1980,452,2376,1901,1728,2351,2125,1021
1752381950.0893302,1920,1996,1887,2502,1980,452,2376,1902,1728,2351,2125,1021
1752381950.1004548,1920,1996,1887,2502,1980,452,2376,1902,1728,2351,2125,1021
1752381950.1105819,1920,1996,1887,2502,1980,452,2376,1902,1728,2351,2125,1021
1752381950.120847,1920,1996,1887,2502,1980,452,2376,1902,1728,2351,2125,1021
1752381950.131222,1921,1996,1887,2501,1980,452,2377,1902,1728,2350,2125,1021
1752381950.1410806,1921,1996,1887,2501,1980,452,2377,1902,1728,2350,2125,1021
1752381950.151547,1921,1996,1887,2501,1980,452,2377,1902,1728,2350,2125,1021
1752381950.1617827,1921,1996,1887,2501,1980,452,2377,1902,1728,2350,2125,1021
1752381950.172205,1921,1996,1887,2501,1980,452,2377,1902,1728,2350,2125,1021
1752381950.181638,1921,1996,1887,2501,1980,452,2377,1902,1728,2350,2125,1021
1752381950.1925085,1921,1996,1887,2501,1980,452,2377,1902,1728,2350,2125,1021
1752381950.2022076,1921,1996,1887,2501,1980,452,2377,1902,1728,2350,2125,1021
1752381950.2121694,1922,1996,1887,2501,1980,452,2378,1902,1728,2350,2125,1021
1752381950.222767,1922,1996,1887,2501,1980,452,2378,1902,1728,2350,2125,1021
1752381950.233735,1922,1996,1887,2501,1980,452,2378,1902,1728,2350,2125,1021
1752381950.2434468,1922,1996,1887,2501,1980,452,2378,1902,1728,2350,2125,1021
1752381950.2545524,1922,1996,1887,2501,1980,452,2378,1902,1728,2350,2125,1021
1752381950.2647448,1922,1996,1887,2501,1980,452,2378,1902,1728,2350,2125,1021
1752381950.275103,1922,1996,1887,2501,1980,452,2378,1902,1728,2350,2125,1021
1752381950.285207,1922,1996,1887,2501,1980,452,2378,1902,1728,2350,2125,1021
1752381950.2957828,1922,1996,1887,2501,1980,452,2378,1902,1728,2350,2125,1021
1752381950.3061812,1922,1996,1887,2501,1980,452,2378,1902,1728,2350,2125,1021
1752381950.3163435,1922,1996,1887,2501,1980,452,2378,1902,1728,2350,2125,1021
1752381950.3274398,1922,1996,1887,2500,1980,452,2378,1902,1728,2349,2125,1021
1752381950.3372183,1922,1996,1887,2500,1980,452,2378,1902,1728,2349,2125,1021
1752381950.3482199,1922,1996,1887,2500,1980,452,2378,1902,1728,2349,2125,1021
1752381950.3599782,1922,1996,1887,2500,1980,452,2378,1902,1728,2349,2125,1021
1752381950.3700044,1922,1996,1887,2500,1980,452,2378,1902,1728,2349,2125,1021
1752381950.381034,1922,1996,1887,2500,1980,452,2378,1902,1728,2349,2125,1021
1752381950.3913782,1922,1996,1887,2500,1980,452,2378,1902,1728,2349,2125,1021
1752381950.4014099,1922,1996,1888,2500,1980,452,2378,1902,1729,2349,2125,1021
1752381950.4120052,1923,1996,1888,2500,1980,452,2379,1902,1729,2349,2125,1021
1752381950.4219937,1923,1996,1888,2500,1980,452,2379,1902,1729,2349,2125,1021
1752381950.4315085,1923,1996,1888,2500,1980,452,2379,1902,1729,2349,2125,1021
1752381950.4426725,1923,1996,1888,2500,1980,452,2379,1902,1729,2349,2125,1021
1752381950.4520526,1924,1996,1888,2500,1980,452,2380,1902,1729,2349,2125,1021
1752381950.4624305,1924,1996,1888,2500,1980,452,2380,1902,1729,2349,2125,1021
1752381950.472342,1924,1996,1888,2500,1980,454,2380,1902,1729,2349,2125,1025
1752381950.4822652,1924,1996,1888,2500,1980,457,2380,1902,1729,2349,2125,1031
1752381950.4923077,1924,1996,1889,2500,1980,458,2380,1902,1730,2349,2125,1033
1752381950.5032837,1924,1996,1889,2500,1980,458,2380,1902,1730,2349,2125,1033
1752381950.5132992,1924,1996,1889,2500,1980,464,2380,1902,1730,2349,2125,1044
1752381950.523324,1924,1996,1889,2500,1980,471,2380,1902,1730,2349,2125,1058
1752381950.5342546,1924,1996,1889,2500,1980,478,2380,1902,1730,2349,2125,1072
1752381950.543532,1924,1996,1889,2500,1980,487,2380,1902,1730,2349,2125,1089
1752381950.5536165,1924,1996,1889,2500,1980,495,2380,1902,1730,2349,2125,1105
1752381950.5636547,1924,1996,1889,2500,1980,503,2380,1902,1730,2349,2125,1121
1752381950.5751219,1924,1996,1890,2500,1980,512,2380,1902,1731,2349,2125,1138
1752381950.5860486,1924,1996,1890,2500,1980,521,2380,1902,1731,2349,2125,1156
1752381950.5954165,1924,1996,1890,2500,1980,530,2380,1902,1731,2349,2125,1173
1752381950.6063871,1924,1996,1891,2500,1980,539,2380,1902,1732,2349,2125,1191
1752381950.6162539,1924,1995,1892,2500,1980,545,2380,1901,1733,2349,2125,1203
1752381950.6281087,1924,1994,1893,2500,1980,552,2380,1900,1734,2349,2125,1216
1752381950.638187,1925,1994,1893,2500,1980,557,2381,1900,1734,2349,2125,1226
1752381950.6476703,1925,1993,1894,2500,1980,563,2381,1899,1735,2349,2125,1238
1752381950.6589365,1925,1993,1895,2500,1980,569,2381,1899,1736,2349,2125,1249
1752381950.6692064,1925,1992,1896,2500,1980,574,2381,1898,1737,2349,2125,1259
1752381950.6805606,1925,1992,1897,2500,1980,583,2381,1898,1738,2349,2125,1277
1752381950.6914818,1925,1991,1897,2500,1980,592,2381,1897,1738,2349,2125,1294
1752381950.7020025,1925,1991,1898,2500,1980,600,2381,1897,1739,2349,2125,1310
1752381950.7121408,1925,1990,1898,2500,1980,607,2381,1896,1739,2349,2125,1324
1752381950.7226205,1925,1990,1899,2500,1980,613,2381,1896,1740,2349,2125,1335
1752381950.7336118,1925,1989,1899,2500,1980,617,2381,1895,1740,2349,2125,1343
1752381950.743042,1925,1989,1900,2500,1980,621,2381,1895,1741,2349,2125,1351
1752381950.7530665,1925,1989,1900,2500,1980,624,2381,1895,1741,2349,2125,1357
1752381950.7630005,1925,1989,1901,2500,1980,629,2381,1895,1742,2349,2125,1367
1752381950.7730198,1925,1988,1901,2500,1980,635,2381,1894,1742,2349,2125,1378
1752381950.783051,1925,1988,1901,2500,1980,638,2381,1894,1742,2349,2125,1384
1752381950.7930722,1925,1988,1901,2500,1980,641,2381,1894,1742,2349,2125,1390
1752381950.8030915,1925,1988,1901,2500,1980,646,2381,1894,1742,2349,2125,1400
1752381950.833086,1925,1988,1902,2500,1980,652,2381,1894,1743,2349,2125,1411
1752381950.836093,1926,1988,1902,2500,1980,658,2382,1894,1743,2349,2125,1423
1752381950.8451352,1926,1987,1902,2500,1980,664,2382,1892,1743,2349,2125,1435
1752381950.856267,1926,1987,1902,2500,1980,667,2382,1892,1743,2349,2125,1441
1752381950.8669276,1926,1987,1902,2500,1980,669,2382,1892,1743,2349,2125,1445
1752381950.8763225,1927,1987,1902,2500,1980,672,2383,1892,1743,2349,2125,1450
1752381950.886379,1927,1987,1902,2500,1980,677,2383,1892,1743,2349,2125,1460
1752381950.896384,1927,1987,1903,2500,1980,683,2383,1892,1744,2349,2125,1472
1752381950.9073372,1928,1986,1903,2500,1980,686,2384,1891,1744,2349,2125,1478
1752381950.916554,1928,1986,1904,2500,1980,689,2384,1891,1745,2349,2125,1484
1752381950.9273741,1928,1986,1904,2500,1980,694,2384,1891,1745,2349,2125,1493
1752381950.9367883,1929,1985,1905,2500,1980,699,2384,1890,1746,2349,2125,1503
1752381950.947638,1929,1984,1905,2500,1980,702,2384,1889,1746,2349,2125,1509
1752381950.9579144,1930,1984,1905,2500,1980,704,2385,1889,1746,2349,2125,1513
1752381950.9681268,1930,1984,1906,2500,1980,705,2385,1889,1747,2349,2125,1515
1752381950.9783416,1931,1983,1906,2500,1980,705,2386,1888,1747,2349,2125,1515
1752381950.9883518,1931,1982,1906,2500,1980,705,2386,1887,1747,2349,2125,1515
1752381950.9991105,1932,1981,1907,2500,1980,709,2387,1886,1748,2349,2125,1523
1752381951.0095885,1932,1980,1908,2500,1980,711,2387,1885,1749,2349,2125,1527
1752381951.0205727,1932,1978,1910,2500,1982,714,2387,1883,1751,2349,2127,1532
1752381951.0314062,1933,1976,1912,2500,1983,719,2388,1880,1753,2349,2128,1542
1752381951.0415058,1933,1973,1913,2500,1984,721,2388,1877,1754,2349,2129,1546
1752381951.0505435,1933,1970,1916,2500,1985,723,2388,1874,1757,2349,2130,1550
1752381951.061913,1934,1967,1918,2500,1986,724,2389,1870,1759,2349,2131,1552
1752381951.0715582,1934,1964,1921,2500,1987,727,2389,1867,1762,2349,2132,1558
1752381951.0814147,1935,1960,1924,2500,1988,730,2390,1863,1765,2349,2133,1564
1752381951.092363,1936,1955,1927,2500,1990,730,2391,1857,1768,2349,2135,1564
1752381951.1024587,1937,1949,1930,2500,1990,730,2392,1851,1771,2349,2135,1564
1752381951.1117153,1938,1944,1933,2500,1991,731,2393,1845,1774,2349,2136,1566
1752381951.1216667,1939,1939,1936,2500,1992,731,2394,1840,1777,2349,2137,1566
1752381951.1318126,1940,1934,1940,2500,1993,732,2395,1834,1781,2349,2138,1568
1752381951.1426702,1941,1928,1943,2500,1993,732,2396,1827,1784,2349,2138,1568
1752381951.1524408,1941,1922,1947,2500,1994,733,2396,1821,1788,2349,2139,1570
1752381951.1625693,1942,1916,1950,2500,1994,734,2397,1814,1792,2349,2139,1571
1752381951.1728709,1943,1910,1954,2500,1995,734,2398,1808,1796,2349,2140,1571
1752381951.182594,1943,1905,1957,2500,1995,735,2398,1802,1799,2349,2140,1573
1752381951.1927829,1944,1899,1960,2501,1995,735,2399,1795,1802,2350,2140,1573
1752381951.2027934,1944,1894,1963,2502,1996,735,2399,1790,1805,2351,2141,1573
1752381951.2126982,1945,1889,1965,2503,1997,735,2400,1784,1807,2352,2142,1573
1752381951.2233646,1945,1882,1968,2504,1997,735,2400,1777,1810,2353,2142,1573
1752381951.2343628,1946,1877,1970,2505,1998,735,2401,1771,1812,2355,2143,1573
1752381951.2448528,1946,1871,1972,2506,1999,736,2401,1765,1814,2356,2144,1575
1752381951.2539284,1947,1866,1974,2508,2000,736,2402,1759,1816,2358,2145,1575
1752381951.265401,1948,1861,1976,2509,2000,736,2403,1754,1818,2359,2145,1575
1752381951.275526,1949,1856,1977,2512,2001,737,2404,1748,1819,2362,2146,1577
1752381951.28613,1950,1850,1978,2514,2003,737,2405,1741,1820,2364,2149,1577
1752381951.2960205,1951,1845,1978,2517,2004,737,2406,1736,1820,2367,2150,1577
1752381951.306605,1952,1841,1978,2520,2005,737,2407,1732,1820,2370,2151,1577
1752381951.3167727,1953,1837,1978,2523,2006,737,2408,1727,1820,2373,2152,1577
1752381951.3287256,1954,1831,1978,2526,2008,737,2409,1721,1820,2377,2154,1577
1752381951.3389308,1956,1827,1978,2529,2010,737,2411,1716,1820,2380,2156,1577
1752381951.348932,1957,1822,1978,2532,2011,737,2412,1711,1820,2383,2157,1577
1752381951.3606844,1958,1816,1978,2534,2013,737,2413,1704,1820,2385,2159,1577
1752381951.37012,1959,1811,1978,2537,2014,738,2413,1699,1820,2388,2160,1579
1752381951.3807676,1961,1806,1978,2540,2015,738,2415,1693,1820,2391,2161,1579
1752381951.3911045,1962,1801,1978,2542,2017,738,2416,1688,1820,2394,2163,1579
1752381951.4004147,1964,1795,1978,2545,2018,738,2418,1681,1820,2397,2164,1579
1752381951.4104564,1966,1789,1978,2547,2019,738,2420,1674,1820,2399,2165,1579
1752381951.4217975,1967,1784,1978,2550,2021,738,2421,1669,1820,2402,2167,1579
1752381951.4319453,1969,1779,1978,2552,2023,738,2423,1663,1820,2404,2169,1579
1752381951.4422991,1971,1772,1978,2555,2025,738,2425,1656,1820,2407,2171,1579
1752381951.4521463,1972,1766,1978,2557,2026,738,2426,1649,1820,2409,2172,1579
1752381951.4624557,1974,1761,1978,2559,2028,738,2428,1643,1820,2411,2174,1579
1752381951.4728653,1976,1756,1978,2562,2030,738,2430,1638,1820,2415,2176,1579
1752381951.482779,1977,1751,1978,2564,2032,738,2431,1632,1820,2417,2178,1579
1752381951.4933488,1979,1745,1978,2567,2034,738,2433,1626,1820,2420,2180,1579
1752381951.5033429,1981,1740,1978,2570,2036,738,2435,1620,1820,2423,2182,1579
1752381951.513533,1983,1734,1978,2572,2037,738,2437,1614,1820,2425,2183,1579
1752381951.5235665,1985,1730,1978,2575,2039,738,2439,1609,1820,2428,2185,1579
1752381951.5345683,1987,1723,1978,2577,2041,738,2441,1602,1820,2430,2187,1579
1752381951.5455706,1990,1718,1978,2580,2044,738,2443,1596,1820,2434,2190,1579
1752381951.5563192,1992,1712,1978,2583,2046,738,2445,1589,1820,2437,2192,1579
1752381951.5670722,1994,1707,1978,2585,2048,738,2447,1584,1820,2439,2194,1579
1752381951.5762718,1996,1702,1978,2587,2050,738,2449,1578,1820,2441,2196,1579
1752381951.5871184,1999,1697,1978,2590,2052,738,2452,1573,1820,2444,2198,1579
1752381951.5973108,2002,1691,1978,2592,2053,738,2455,1566,1820,2446,2199,1579
1752381951.6083922,2005,1685,1978,2595,2054,738,2458,1560,1820,2449,2200,1579
1752381951.617745,2009,1679,1978,2597,2055,738,2462,1553,1820,2452,2201,1579
1752381951.6297252,2012,1672,1978,2599,2056,738,2465,1545,1820,2454,2202,1579
1752381951.6399162,2016,1666,1978,2601,2057,737,2469,1539,1820,2456,2203,1577
1752381951.650092,2019,1659,1978,2603,2058,735,2471,1531,1820,2458,2204,1573
1752381951.6604242,2023,1651,1978,2606,2059,733,2475,1522,1820,2461,2205,1570
1752381951.6707113,2025,1643,1978,2608,2061,732,2477,1513,1820,2463,2207,1568
1752381951.6809518,2028,1635,1978,2610,2063,731,2480,1505,1820,2465,2209,1566
1752381951.690943,2030,1627,1978,2613,2065,731,2482,1496,1820,2468,2212,1566
1752381951.7013848,2032,1617,1978,2616,2068,731,2484,1485,1820,2472,2215,1566
1752381951.7113883,2033,1608,1978,2618,2069,731,2485,1475,1820,2474,2216,1566
1752381951.7213085,2034,1598,1978,2621,2072,731,2486,1464,1820,2477,2219,1566
1752381951.7309344,2035,1589,1978,2624,2074,731,2487,1454,1820,2480,2221,1566
1752381951.7419527,2036,1578,1978,2627,2076,731,2488,1442,1820,2483,2223,1566
1752381951.7515366,2036,1568,1978,2629,2077,730,2488,1431,1820,2485,2224,1564
1752381951.7623236,2036,1558,1978,2632,2079,730,2488,1420,1820,2488,2226,1564
1752381951.7723296,2035,1548,1978,2635,2080,729,2487,1409,1820,2492,2227,1562
1752381951.7823086,2033,1538,1978,2638,2081,720,2485,1398,1820,2495,2228,1544
1752381951.7917087,2031,1527,1978,2641,2081,709,2483,1386,1820,2498,2228,1523
1752381951.8023326,2030,1517,1978,2644,2081,700,2482,1375,1820,2501,2228,1505
1752381951.812416,2027,1505,1979,2647,2081,693,2479,1361,1821,2504,2228,1491
1752381951.821936,2025,1493,1980,2649,2081,680,2477,1348,1822,2506,2228,1466
1752381951.832204,2022,1480,1982,2651,2081,666,2474,1334,1824,2509,2228,1439
1752381951.8436613,2018,1467,1985,2653,2079,647,2471,1319,1827,2511,2226,1402
1752381951.8536625,2015,1452,1988,2654,2075,626,2468,1303,1830,2512,2222,1361
1752381951.8648307,2012,1439,1991,2654,2074,608,2465,1289,1833,2512,2221,1326
1752381951.8755276,2009,1423,1996,2655,2073,588,2462,1271,1838,2513,2220,1286
1752381951.8857896,2005,1410,2000,2655,2071,581,2458,1257,1842,2513,2218,1273
1752381951.8963084,2002,1396,2004,2655,2066,555,2455,1241,1846,2513,2213,1222
1752381951.9065802,1999,1381,2009,2655,2060,528,2452,1225,1851,2513,2206,1169
1752381951.9161308,1996,1367,2013,2656,2053,502,2449,1209,1856,2514,2199,1119
1752381951.9261332,1992,1353,2018,2656,2048,481,2445,1194,1861,2514,2194,1078
1752381951.9363976,1987,1340,2023,2657,2045,464,2441,1180,1866,2515,2191,1044
1752381951.947624,1982,1328,2028,2657,2043,452,2436,1166,1871,2515,2189,1021
1752381951.9579372,1976,1315,2034,2658,2040,452,2430,1152,1877,2516,2186,1021
1752381951.9681,1972,1302,2040,2659,2035,452,2426,1138,1883,2517,2181,1021
1752381951.9770691,1968,1290,2047,2660,2031,452,2422,1124,1890,2518,2177,1021
1752381951.9873,1963,1278,2054,2660,2027,452,2417,1111,1897,2518,2173,1021
1752381951.998685,1958,1264,2062,2660,2025,452,2413,1096,1905,2518,2171,1021
1752381952.0094984,1953,1251,2070,2660,2022,452,2408,1082,1913,2518,2168,1021
1752381952.0203228,1947,1236,2079,2660,2021,452,2402,1065,1923,2518,2167,1021
1752381952.0305622,1942,1223,2088,2660,2020,452,2397,1051,1932,2518,2166,1021
1752381952.0410438,1936,1211,2097,2660,2020,452,2391,1037,1941,2518,2166,1021
1752381952.0517998,1931,1198,2106,2660,2020,452,2386,1023,1950,2518,2166,1021
1752381952.062044,1925,1186,2114,2660,2020,452,2381,1010,1958,2518,2166,1021
1752381952.071266,1919,1175,2123,2660,2020,452,2375,998,1967,2518,2166,1021
1752381952.0815544,1913,1164,2131,2660,2020,452,2369,986,1975,2518,2166,1021
1752381952.091638,1907,1153,2140,2661,2020,452,2363,974,1985,2519,2166,1021
1752381952.1020434,1901,1144,2147,2661,2020,452,2357,964,1992,2519,2166,1021
1752381952.1123528,1895,1135,2155,2663,2020,452,2352,954,2000,2521,2166,1021
1752381952.1242526,1889,1127,2164,2665,2020,452,2346,945,2009,2523,2166,1021
1752381952.1345034,1883,1120,2171,2667,2020,452,2340,937,2016,2525,2166,1021
1752381952.1446,1876,1115,2178,2669,2020,452,2333,932,2023,2527,2166,1021
1752381952.1538467,1871,1110,2184,2670,2020,452,2328,926,2029,2529,2166,1021
1752381952.1651237,1865,1106,2190,2672,2020,452,2323,922,2035,2531,2166,1021
1752381952.1758623,1859,1103,2196,2674,2020,452,2317,918,2041,2533,2166,1021
1752381952.1871424,1854,1102,2202,2676,2020,452,2312,917,2047,2535,2166,1021
1752381952.1971242,1849,1100,2207,2678,2020,452,2307,915,2053,2537,2166,1021
1752381952.2078946,1843,1099,2212,2679,2020,452,2301,914,2058,2538,2166,1021
1752381952.217058,1839,1099,2217,2680,2020,452,2298,914,2063,2539,2166,1021
1752381952.2283378,1835,1099,2220,2680,2020,452,2294,914,2066,2539,2166,1021
1752381952.2387457,1833,1099,2223,2680,2019,452,2292,914,2069,2539,2165,1021
1752381952.24903,1831,1099,2226,2680,2017,452,2290,914,2072,2539,2163,1021
1752381952.2595296,1830,1100,2228,2680,2016,452,2289,915,2074,2539,2162,1021
1752381952.270081,1829,1100,2229,2679,2014,452,2288,915,2075,2538,2160,1021
1752381952.2803504,1828,1100,2230,2679,2012,452,2287,915,2076,2538,2158,1021
1752381952.2916684,1826,1100,2230,2679,2012,452,2285,915,2076,2538,2158,1021
1752381952.3019211,1822,1100,2231,2679,2012,452,2281,915,2077,2538,2158,1021
1752381952.3119788,1817,1100,2232,2679,2012,452,2276,915,2078,2538,2158,1021
1752381952.3219001,1812,1100,2233,2679,2012,452,2271,915,2079,2538,2158,1021
1752381952.3319144,1808,1100,2234,2679,2012,452,2268,915,2080,2538,2158,1021
1752381952.3421283,1803,1100,2235,2679,2012,452,2263,915,2081,2538,2158,1021
1752381952.351348,1799,1100,2236,2679,2012,452,2259,915,2082,2538,2158,1021
1752381952.3623407,1794,1100,2237,2679,2012,452,2254,915,2083,2538,2158,1021
1752381952.3733609,1789,1100,2238,2678,2012,452,2249,915,2084,2537,2158,1021
1752381952.3833976,1785,1101,2240,2677,2012,452,2245,916,2086,2536,2158,1021
1752381952.394541,1781,1102,2242,2676,2012,452,2241,917,2088,2535,2158,1021
1752381952.4047394,1778,1102,2244,2674,2012,452,2239,917,2090,2533,2158,1021
1752381952.414948,1775,1102,2246,2672,2012,452,2236,917,2092,2531,2158,1021
1752381952.4258957,1773,1102,2248,2671,2012,452,2234,917,2094,2530,2158,1021
1752381952.4363182,1771,1102,2251,2670,2012,452,2232,917,2097,2529,2158,1021
1752381952.4459095,1769,1102,2253,2670,2012,452,2230,917,2099,2529,2158,1021
1752381952.4569118,1768,1102,2256,2669,2012,452,2229,917,2102,2527,2158,1021
1752381952.4677935,1767,1102,2259,2668,2012,452,2228,917,2105,2526,2158,1021
1752381952.476973,1767,1102,2262,2667,2012,452,2228,917,2108,2525,2158,1021
1752381952.4883661,1767,1102,2265,2666,2012,452,2228,917,2111,2524,2158,1021
1752381952.4990413,1767,1102,2269,2665,2012,452,2228,917,2116,2523,2158,1021
1752381952.5089366,1767,1102,2273,2664,2012,452,2228,917,2120,2522,2158,1021
1752381952.5190737,1767,1101,2277,2663,2012,452,2228,916,2124,2521,2158,1021
1752381952.530433,1767,1101,2281,2662,2011,452,2228,916,2128,2520,2157,1021
1752381952.541087,1767,1100,2286,2661,2011,452,2228,915,2133,2519,2157,1021
1752381952.5507348,1767,1099,2291,2660,2011,452,2228,914,2138,2518,2157,1021
1752381952.560653,1767,1099,2296,2659,2011,452,2228,914,2143,2517,2157,1021
1752381952.5709794,1767,1098,2300,2659,2011,452,2228,913,2147,2517,2157,1021
1752381952.581139,1767,1098,2305,2659,2011,456,2228,913,2152,2517,2157,1029
1752381952.5906916,1766,1098,2309,2659,2011,456,2227,913,2156,2517,2157,1029
1752381952.601537,1766,1097,2312,2659,2011,456,2227,912,2159,2517,2157,1029
1752381952.611079,1765,1097,2315,2660,2013,456,2226,912,2162,2518,2159,1029
1752381952.6214502,1765,1097,2320,2661,2016,456,2226,912,2167,2519,2162,1029
1752381952.6314518,1765,1097,2323,2661,2016,454,2226,912,2170,2519,2162,1025
1752381952.6424925,1765,1096,2328,2661,2017,452,2226,911,2175,2519,2163,1021
1752381952.652505,1765,1095,2331,2659,2018,452,2226,910,2178,2517,2164,1021
1752381952.6625466,1767,1093,2335,2657,2018,452,2228,907,2183,2515,2164,1021
1752381952.6730485,1769,1091,2339,2655,2019,452,2230,905,2187,2513,2165,1021
1752381952.6826153,1771,1090,2343,2651,2019,452,2232,904,2191,2509,2165,1021
1752381952.692665,1773,1088,2347,2648,2019,452,2234,902,2195,2505,2165,1021
1752381952.7037535,1774,1088,2350,2645,2020,452,2235,902,2198,2502,2166,1021
1752381952.7131665,1776,1088,2352,2644,2020,452,2237,902,2200,2501,2166,1021
1752381952.7241147,1776,1088,2352,2644,2020,451,2237,902,2200,2501,2166,1019
1752381952.7344298,1776,1088,2353,2644,2020,451,2237,902,2201,2501,2166,1019
1752381952.7454224,1776,1088,2354,2644,2020,451,2237,902,2202,2501,2166,1019
1752381952.7555575,1776,1087,2354,2644,2020,451,2237,901,2202,2501,2166,1019
1752381952.7662992,1775,1086,2355,2644,2020,451,2236,900,2203,2501,2166,1019
1752381952.7761219,1774,1084,2355,2644,2020,451,2235,897,2203,2501,2166,1019
1752381952.7873893,1772,1081,2356,2644,2020,451,2233,894,2204,2501,2166,1019
1752381952.797448,1771,1078,2357,2643,2021,451,2232,891,2205,2500,2167,1019
1752381952.8082368,1771,1073,2359,2641,2023,451,2232,885,2207,2498,2169,1019
1752381952.8177462,1770,1066,2361,2637,2024,451,2231,878,2209,2494,2170,1019
1752381952.8282466,1769,1057,2365,2634,2026,451,2230,868,2213,2491,2172,1019
1752381952.8388507,1769,1045,2369,2630,2028,451,2230,855,2217,2486,2174,1019
1752381952.8480668,1768,1032,2374,2626,2031,451,2229,840,2222,2482,2177,1019
1752381952.8594384,1767,1015,2381,2622,2034,451,2228,821,2229,2478,2180,1019
1752381952.8693745,1767,998,2388,2618,2038,451,2228,803,2236,2474,2184,1019
1752381952.8803444,1766,977,2396,2614,2041,451,2227,780,2245,2469,2187,1019
1752381952.8903842,1764,957,2404,2612,2044,451,2225,758,2253,2467,2190,1019
1752381952.9004345,1762,935,2411,2612,2047,451,2223,733,2260,2467,2193,1019
1752381952.910395,1758,913,2419,2612,2050,451,2219,709,2268,2467,2196,1019
1752381952.9207091,1754,889,2429,2613,2058,451,2215,683,2278,2468,2204,1019
1752381952.931416,1750,867,2438,2617,2066,451,2211,658,2287,2473,2213,1019
1752381952.94142,1747,847,2446,2620,2073,451,2209,636,2295,2476,2220,1019
1752381952.9510722,1746,849,2450,2620,2082,451,2208,639,2299,2476,2229,1019
1752381952.962261,1743,846,2448,2626,2085,451,2205,635,2297,2482,2232,1019
1752381952.9712965,1743,851,2450,2625,2087,451,2205,641,2299,2481,2234,1019
1752381952.98191,1747,851,2450,2627,2090,451,2209,641,2299,2483,2237,1019
1752381952.9912617,1749,851,2451,2627,2090,451,2211,641,2300,2483,2237,1019
1752381953.002355,1754,851,2451,2628,2090,451,2215,641,2300,2484,2237,1019
1752381953.0122933,1758,851,2452,2629,2090,451,2219,641,2301,2485,2237,1019
1752381953.0224538,1762,852,2452,2631,2089,451,2223,642,2301,2487,2236,1019
1752381953.0326962,1765,853,2453,2633,2088,451,2226,643,2302,2490,2235,1019
1752381953.0427692,1767,853,2453,2635,2088,451,2228,643,2302,2492,2235,1019
1752381953.053431,1769,853,2455,2637,2086,451,2230,643,2304,2494,2233,1019
1752381953.0651293,1770,853,2457,2638,2085,451,2231,643,2306,2495,2232,1019
1752381953.075013,1772,852,2459,2639,2084,451,2233,642,2308,2496,2231,1019
1752381953.085679,1773,851,2463,2640,2084,451,2234,641,2313,2497,2231,1019
1752381953.095855,1773,850,2467,2640,2083,451,2234,640,2317,2497,2230,1019
1752381953.105844,1774,848,2470,2640,2083,451,2235,637,2320,2497,2230,1019
1752381953.1163545,1775,848,2474,2640,2083,451,2236,637,2324,2497,2230,1019
1752381953.1282265,1775,848,2477,2640,2083,451,2236,637,2327,2497,2230,1019
1752381953.1372702,1776,847,2481,2640,2083,451,2237,636,2331,2497,2230,1019
1752381953.148669,1777,847,2484,2639,2083,451,2238,636,2334,2496,2230,1019
1752381953.1589143,1778,847,2487,2639,2083,451,2239,636,2337,2496,2230,1019
1752381953.1681736,1779,847,2489,2638,2083,451,2240,636,2339,2495,2230,1019
1752381953.179398,1779,847,2492,2637,2083,451,2240,636,2342,2494,2230,1019
1752381953.1896546,1779,847,2494,2637,2082,451,2240,636,2344,2494,2229,1019
1752381953.1993933,1779,847,2496,2637,2082,451,2240,636,2346,2494,2229,1019
1752381953.2107463,1779,846,2498,2637,2082,452,2240,635,2348,2494,2229,1021
1752381953.220312,1779,846,2499,2637,2082,454,2240,635,2349,2494,2229,1025
1752381953.2314093,1779,846,2500,2637,2082,457,2240,635,2350,2494,2229,1031
1752381953.241343,1779,846,2501,2637,2082,457,2240,635,2351,2494,2229,1031
1752381953.251641,1779,846,2502,2637,2082,457,2240,635,2352,2494,2229,1031
1752381953.2608232,1779,846,2504,2637,2082,457,2240,635,2354,2494,2229,1031
1752381953.2711058,1779,846,2505,2637,2082,457,2240,635,2355,2494,2229,1031
1752381953.2824407,1779,846,2507,2637,2082,457,2240,635,2357,2494,2229,1031
1752381953.2918403,1780,846,2509,2637,2082,457,2240,635,2359,2494,2229,1031
1752381953.3029783,1780,846,2511,2636,2082,457,2240,635,2361,2493,2229,1031
1752381953.3130314,1780,846,2512,2636,2082,457,2240,635,2362,2493,2229,1031
1752381953.3241765,1780,846,2514,2636,2082,457,2240,635,2364,2493,2229,1031
1752381953.334307,1780,846,2515,2636,2084,457,2240,635,2365,2493,2231,1031
1752381953.3437016,1779,846,2517,2636,2087,457,2240,635,2367,2493,2234,1031
1752381953.3546987,1778,846,2518,2636,2087,457,2239,635,2368,2493,2234,1031
1752381953.366521,1778,846,2519,2635,2088,457,2239,635,2369,2492,2235,1031
1752381953.376285,1778,846,2520,2635,2088,457,2239,635,2370,2492,2235,1031
1752381953.387316,1778,846,2521,2634,2088,457,2239,635,2371,2491,2235,1031
1752381953.397708,1778,846,2523,2632,2089,457,2239,635,2373,2488,2236,1031
1752381953.4082167,1777,846,2523,2630,2089,457,2238,635,2373,2486,2236,1031
1752381953.4195611,1777,846,2524,2628,2089,454,2238,635,2375,2484,2236,1025
1752381953.4296472,1777,846,2525,2625,2089,452,2238,635,2376,2481,2236,1021
1752381953.439852,1777,846,2525,2621,2089,452,2238,635,2376,2477,2236,1021
1752381953.4505947,1776,846,2527,2617,2089,452,2237,635,2378,2473,2236,1021
1752381953.4601738,1774,846,2527,2614,2089,452,2235,635,2378,2469,2236,1021
1752381953.4708664,1774,846,2527,2613,2089,452,2235,635,2378,2468,2236,1021
1752381953.481837,1774,846,2527,2612,2089,452,2235,635,2378,2467,2236,1021
1752381953.4919207,1773,846,2527,2612,2089,452,2234,635,2378,2467,2236,1021
1752381953.5014615,1773,846,2527,2611,2089,452,2234,635,2378,2466,2236,1021
1752381953.5115108,1773,846,2527,2610,2089,452,2234,635,2378,2465,2236,1021
1752381953.522628,1773,846,2527,2609,2089,452,2234,635,2378,2464,2236,1021
1752381953.532632,1773,846,2527,2608,2089,452,2234,635,2378,2463,2236,1021
1752381953.542632,1773,846,2528,2606,2089,452,2234,635,2379,2461,2236,1021
1752381953.5531468,1774,846,2531,2602,2090,452,2235,635,2382,2457,2237,1021
1752381953.5630996,1775,846,2532,2598,2091,452,2236,635,2383,2453,2238,1021
1752381953.5731225,1777,846,2534,2594,2092,452,2238,635,2385,2448,2239,1021
1752381953.5833917,1779,846,2534,2590,2092,452,2240,635,2385,2444,2239,1021
1752381953.5952067,1780,846,2535,2587,2092,452,2240,635,2386,2441,2239,1021
1752381953.6056743,1781,846,2535,2587,2092,453,2241,635,2386,2441,2239,1023
1752381953.6154463,1781,846,2536,2587,2092,457,2241,635,2387,2441,2239,1031
1752381953.6266365,1781,846,2536,2587,2092,457,2241,635,2387,2441,2239,1031
1752381953.6366544,1781,846,2536,2587,2090,457,2241,635,2387,2441,2237,1031
1752381953.647448,1780,846,2536,2587,2086,457,2240,635,2387,2441,2233,1031
1752381953.656725,1778,846,2536,2587,2086,457,2239,635,2387,2441,2233,1031
1752381953.6682436,1775,846,2536,2587,2086,457,2236,635,2387,2441,2233,1031
1752381953.678009,1771,846,2536,2587,2085,452,2232,635,2387,2441,2232,1021
1752381953.6885896,1768,846,2536,2586,2085,452,2229,635,2387,2440,2232,1021
1752381953.6991625,1764,846,2536,2586,2085,452,2225,635,2387,2440,2232,1021
1752381953.7097251,1760,846,2536,2586,2085,452,2221,635,2387,2440,2232,1021
1752381953.7206635,1756,846,2536,2586,2085,452,2217,635,2387,2440,2232,1021
1752381953.7308018,1753,846,2536,2586,2085,452,2214,635,2387,2440,2232,1021
1752381953.7413945,1750,846,2536,2586,2084,452,2211,635,2387,2440,2231,1021
1752381953.7515395,1748,846,2536,2586,2084,452,2210,635,2387,2440,2231,1021
1752381953.7623093,1747,846,2536,2586,2084,452,2209,635,2387,2440,2231,1021
1752381953.7716272,1747,846,2536,2586,2084,452,2209,635,2387,2440,2231,1021
1752381953.7824323,1747,846,2536,2586,2079,451,2209,635,2387,2440,2226,1019
1752381953.7926917,1747,846,2535,2586,2071,451,2209,635,2386,2440,2218,1019
1752381953.8025825,1747,846,2535,2586,2058,451,2209,635,2386,2440,2204,1019
1752381953.812754,1747,846,2533,2587,2044,451,2209,635,2384,2441,2190,1019
1752381953.8227289,1748,846,2533,2587,2029,451,2210,635,2384,2441,2175,1019
1752381953.833818,1748,846,2532,2588,2012,451,2210,635,2383,2442,2158,1019
1752381953.8430505,1748,846,2531,2589,1995,451,2210,635,2382,2443,2140,1019
1752381953.852957,1748,846,2530,2590,1979,451,2210,635,2381,2444,2124,1019
1752381953.863959,1747,846,2530,2590,1961,451,2209,635,2381,2444,2106,1019
1752381953.8750746,1747,846,2530,2590,1951,451,2209,635,2381,2444,2096,1019
1752381953.885054,1746,846,2530,2590,1943,451,2208,635,2381,2444,2088,1019
1752381953.8954787,1745,846,2530,2590,1937,451,2207,635,2381,2444,2081,1019
1752381953.9061594,1743,846,2530,2590,1935,451,2205,635,2381,2444,2079,1019
1752381953.9159145,1742,846,2530,2590,1934,451,2204,635,2381,2444,2078,1019
1752381953.92779,1741,846,2530,2590,1934,451,2203,635,2381,2444,2078,1019
1752381953.9367712,1740,846,2530,2590,1934,451,2202,635,2381,2444,2078,1019
1752381953.9485412,1740,846,2530,2590,1933,451,2202,635,2381,2444,2077,1019
1752381953.9588342,1740,846,2530,2590,1932,451,2202,635,2381,2444,2076,1019
1752381953.9692578,1740,846,2530,2590,1930,451,2202,635,2381,2444,2074,1019
1752381953.979492,1740,846,2530,2590,1930,451,2202,635,2381,2444,2074,1019
1752381953.989589,1740,846,2530,2590,1929,451,2202,635,2381,2444,2073,1019
1752381953.9996924,1740,846,2530,2590,1928,451,2202,635,2381,2444,2072,1019
1752381954.0109048,1741,846,2530,2590,1928,451,2203,635,2381,2444,2072,1019
1752381954.0203247,1741,846,2530,2590,1928,451,2203,635,2381,2444,2072,1019
1752381954.0316393,1741,846,2530,2590,1927,451,2203,635,2381,2444,2071,1019
1752381954.0412033,1741,846,2530,2590,1926,451,2203,635,2381,2444,2070,1019
1752381954.0532053,1741,846,2530,2591,1923,451,2203,635,2381,2445,2067,1019
1752381954.0625045,1741,846,2530,2591,1918,451,2203,635,2381,2445,2062,1019
1752381954.0733728,1741,846,2529,2592,1914,451,2203,635,2380,2446,2058,1019
1752381954.0834203,1741,846,2529,2594,1909,451,2203,635,2380,2448,2053,1019
1752381954.0934358,1741,846,2528,2596,1904,451,2203,635,2379,2450,2048,1019
1752381954.1035876,1741,846,2528,2598,1900,451,2203,635,2379,2453,2044,1019
1752381954.113603,1741,846,2528,2600,1898,451,2203,635,2379,2455,2042,1019
1752381954.1254144,1741,846,2527,2602,1896,451,2203,635,2378,2457,2040,1019
1752381954.135691,1740,846,2527,2603,1895,451,2202,635,2378,2458,2039,1019
1752381954.1463356,1740,846,2527,2604,1894,451,2202,635,2378,2459,2038,1019
1752381954.1566055,1739,846,2526,2605,1892,451,2201,635,2377,2460,2036,1019
1752381954.167324,1739,846,2526,2606,1891,451,2201,635,2377,2461,2035,1019
1752381954.1765702,1739,846,2526,2607,1890,451,2201,635,2377,2462,2034,1019
1752381954.1884494,1739,846,2526,2607,1888,451,2201,635,2377,2462,2032,1019
1752381954.198987,1739,846,2526,2607,1888,451,2201,635,2377,2462,2032,1019
